[
{"ISO":"","ISO3":"","ISO_Numeric":"","fips":"","country":"","capital":"","area":"","Population":"","Continent":"","tld":"","CurrencyCode":"","CurrencyName":"","Phone":"","Postal_Code_Format":"","Postal_Code_Regex":"","Languages":""}
,
{"ISO":"AD","ISO3":"AND","ISO_Numeric":"020","fips":"AN","country":"Andorra","capital":"Andorra la Vella","area":"468","Population":"84000","Continent":"EU","tld":".ad","CurrencyCode":"EUR","CurrencyName":"Euro","Phone":"376","Postal_Code_Format":"AD###","Postal_Code_Regex":"^(?:AD)*(\\d{3})$","Languages":"ca","geonameid":"3041565","neighbours":"ES,FR","EquivalentFipsCode":""}
,
{"ISO":"AE","ISO3":"ARE","ISO_Numeric":"784","fips":"AE","country":"United Arab Emirates","capital":"Abu Dhabi","area":"82880","Population":"4975593","Continent":"AS","tld":".ae","CurrencyCode":"AED","CurrencyName":"Dirham","Phone":"971","Postal_Code_Format":"","Postal_Code_Regex":"","Languages":"ar-AE,fa,en,hi,ur","geonameid":"290557","neighbours":"SA,OM","EquivalentFipsCode":""}
,
{"ISO":"AF","ISO3":"AFG","ISO_Numeric":"004","fips":"AF","country":"Afghanistan","capital":"Kabul","area":"647500","Population":"29121286","Continent":"AS","tld":".af","CurrencyCode":"AFN","CurrencyName":"Afghani","Phone":"93","Postal_Code_Format":"","Postal_Code_Regex":"","Languages":"fa-AF,ps,uz-AF,tk","geonameid":"1149361","neighbours":"TM,CN,IR,TJ,PK,UZ","EquivalentFipsCode":""}
,
{"ISO":"AG","ISO3":"ATG","ISO_Numeric":"028","fips":"AC","country":"Antigua and Barbuda","capital":"St. John's","area":"443","Population":"86754","Continent":"NA","tld":".ag","CurrencyCode":"XCD","CurrencyName":"Dollar","Phone":"+1-268","Postal_Code_Format":"","Postal_Code_Regex":"","Languages":"en-AG","geonameid":"3576396","neighbours":"","EquivalentFipsCode":""}
,
{"ISO":"AI","ISO3":"AIA","ISO_Numeric":"660","fips":"AV","country":"Anguilla","capital":"The Valley","area":"102","Population":"13254","Continent":"NA","tld":".ai","CurrencyCode":"XCD","CurrencyName":"Dollar","Phone":"+1-264","Postal_Code_Format":"","Postal_Code_Regex":"","Languages":"en-AI","geonameid":"3573511","neighbours":"","EquivalentFipsCode":""}
,
{"ISO":"AL","ISO3":"ALB","ISO_Numeric":"008","fips":"AL","country":"Albania","capital":"Tirana","area":"28748","Population":"2986952","Continent":"EU","tld":".al","CurrencyCode":"ALL","CurrencyName":"Lek","Phone":"355","Postal_Code_Format":"","Postal_Code_Regex":"","Languages":"sq,el","geonameid":"783754","neighbours":"MK,GR,ME,RS,XK","EquivalentFipsCode":""}
,
{"ISO":"AM","ISO3":"ARM","ISO_Numeric":"051","fips":"AM","country":"Armenia","capital":"Yerevan","area":"29800","Population":"2968000","Continent":"AS","tld":".am","CurrencyCode":"AMD","CurrencyName":"Dram","Phone":"374","Postal_Code_Format":"######","Postal_Code_Regex":"^(\\d{6})$","Languages":"hy","geonameid":"174982","neighbours":"GE,IR,AZ,TR","EquivalentFipsCode":""}
,
{"ISO":"AO","ISO3":"AGO","ISO_Numeric":"024","fips":"AO","country":"Angola","capital":"Luanda","area":"1246700","Population":"13068161","Continent":"AF","tld":".ao","CurrencyCode":"AOA","CurrencyName":"Kwanza","Phone":"244","Postal_Code_Format":"","Postal_Code_Regex":"","Languages":"pt-AO","geonameid":"3351879","neighbours":"CD,NA,ZM,CG","EquivalentFipsCode":""}
,
{"ISO":"AQ","ISO3":"ATA","ISO_Numeric":"010","fips":"AY","country":"Antarctica","capital":"","area":"14000000","Population":"0","Continent":"AN","tld":".aq","CurrencyCode":"","CurrencyName":"","Phone":"","Postal_Code_Format":"","Postal_Code_Regex":"","Languages":"","geonameid":"6697173","neighbours":"","EquivalentFipsCode":""}
,
{"ISO":"AR","ISO3":"ARG","ISO_Numeric":"032","fips":"AR","country":"Argentina","capital":"Buenos Aires","area":"2766890","Population":"41343201","Continent":"SA","tld":".ar","CurrencyCode":"ARS","CurrencyName":"Peso","Phone":"54","Postal_Code_Format":"@####@@@","Postal_Code_Regex":"^([A-Z]\\d{4}[A-Z]{3})$","Languages":"es-AR,en,it,de,fr,gn","geonameid":"3865483","neighbours":"CL,BO,UY,PY,BR","EquivalentFipsCode":""}
,
{"ISO":"AS","ISO3":"ASM","ISO_Numeric":"016","fips":"AQ","country":"American Samoa","capital":"Pago Pago","area":"199","Population":"57881","Continent":"OC","tld":".as","CurrencyCode":"USD","CurrencyName":"Dollar","Phone":"+1-684","Postal_Code_Format":"","Postal_Code_Regex":"","Languages":"en-AS,sm,to","geonameid":"5880801","neighbours":"","EquivalentFipsCode":""}
,
{"ISO":"AT","ISO3":"AUT","ISO_Numeric":"040","fips":"AU","country":"Austria","capital":"Vienna","area":"83858","Population":"8205000","Continent":"EU","tld":".at","CurrencyCode":"EUR","CurrencyName":"Euro","Phone":"43","Postal_Code_Format":"####","Postal_Code_Regex":"^(\\d{4})$","Languages":"de-AT,hr,hu,sl","geonameid":"2782113","neighbours":"CH,DE,HU,SK,CZ,IT,SI,LI","EquivalentFipsCode":""}
,
{"ISO":"AU","ISO3":"AUS","ISO_Numeric":"036","fips":"AS","country":"Australia","capital":"Canberra","area":"7686850","Population":"21515754","Continent":"OC","tld":".au","CurrencyCode":"AUD","CurrencyName":"Dollar","Phone":"61","Postal_Code_Format":"####","Postal_Code_Regex":"^(\\d{4})$","Languages":"en-AU","geonameid":"2077456","neighbours":"","EquivalentFipsCode":""}
,
{"ISO":"AW","ISO3":"ABW","ISO_Numeric":"533","fips":"AA","country":"Aruba","capital":"Oranjestad","area":"193","Population":"71566","Continent":"NA","tld":".aw","CurrencyCode":"AWG","CurrencyName":"Guilder","Phone":"297","Postal_Code_Format":"","Postal_Code_Regex":"","Languages":"nl-AW,es,en","geonameid":"3577279","neighbours":"","EquivalentFipsCode":""}
,
{"ISO":"AX","ISO3":"ALA","ISO_Numeric":"248","fips":"","country":"Aland Islands","capital":"Mariehamn","area":"1580","Population":"26711","Continent":"EU","tld":".ax","CurrencyCode":"EUR","CurrencyName":"Euro","Phone":"+358-18","Postal_Code_Format":"#####","Postal_Code_Regex":"^(?:FI)*(\\d{5})$","Languages":"sv-AX","geonameid":"661882","neighbours":"","EquivalentFipsCode":"FI"}
,
{"ISO":"AZ","ISO3":"AZE","ISO_Numeric":"031","fips":"AJ","country":"Azerbaijan","capital":"Baku","area":"86600","Population":"8303512","Continent":"AS","tld":".az","CurrencyCode":"AZN","CurrencyName":"Manat","Phone":"994","Postal_Code_Format":"AZ ####","Postal_Code_Regex":"^(?:AZ)*(\\d{4})$","Languages":"az,ru,hy","geonameid":"587116","neighbours":"GE,IR,AM,TR,RU","EquivalentFipsCode":""}
,
{"ISO":"BA","ISO3":"BIH","ISO_Numeric":"070","fips":"BK","country":"Bosnia and Herzegovina","capital":"Sarajevo","area":"51129","Population":"4590000","Continent":"EU","tld":".ba","CurrencyCode":"BAM","CurrencyName":"Marka","Phone":"387","Postal_Code_Format":"#####","Postal_Code_Regex":"^(\\d{5})$","Languages":"bs,hr-BA,sr-BA","geonameid":"3277605","neighbours":"HR,ME,RS","EquivalentFipsCode":""}
,
{"ISO":"BB","ISO3":"BRB","ISO_Numeric":"052","fips":"BB","country":"Barbados","capital":"Bridgetown","area":"431","Population":"285653","Continent":"NA","tld":".bb","CurrencyCode":"BBD","CurrencyName":"Dollar","Phone":"+1-246","Postal_Code_Format":"BB#####","Postal_Code_Regex":"^(?:BB)*(\\d{5})$","Languages":"en-BB","geonameid":"3374084","neighbours":"","EquivalentFipsCode":""}
,
{"ISO":"BD","ISO3":"BGD","ISO_Numeric":"050","fips":"BG","country":"Bangladesh","capital":"Dhaka","area":"144000","Population":"156118464","Continent":"AS","tld":".bd","CurrencyCode":"BDT","CurrencyName":"Taka","Phone":"880","Postal_Code_Format":"####","Postal_Code_Regex":"^(\\d{4})$","Languages":"bn-BD,en","geonameid":"1210997","neighbours":"MM,IN","EquivalentFipsCode":""}
,
{"ISO":"BE","ISO3":"BEL","ISO_Numeric":"056","fips":"BE","country":"Belgium","capital":"Brussels","area":"30510","Population":"10403000","Continent":"EU","tld":".be","CurrencyCode":"EUR","CurrencyName":"Euro","Phone":"32","Postal_Code_Format":"####","Postal_Code_Regex":"^(\\d{4})$","Languages":"nl-BE,fr-BE,de-BE","geonameid":"2802361","neighbours":"DE,NL,LU,FR","EquivalentFipsCode":""}
,
{"ISO":"BF","ISO3":"BFA","ISO_Numeric":"854","fips":"UV","country":"Burkina Faso","capital":"Ouagadougou","area":"274200","Population":"16241811","Continent":"AF","tld":".bf","CurrencyCode":"XOF","CurrencyName":"Franc","Phone":"226","Postal_Code_Format":"","Postal_Code_Regex":"","Languages":"fr-BF","geonameid":"2361809","neighbours":"NE,BJ,GH,CI,TG,ML","EquivalentFipsCode":""}
,
{"ISO":"BG","ISO3":"BGR","ISO_Numeric":"100","fips":"BU","country":"Bulgaria","capital":"Sofia","area":"110910","Population":"7148785","Continent":"EU","tld":".bg","CurrencyCode":"BGN","CurrencyName":"Lev","Phone":"359","Postal_Code_Format":"####","Postal_Code_Regex":"^(\\d{4})$","Languages":"bg,tr-BG,rom","geonameid":"732800","neighbours":"MK,GR,RO,TR,RS","EquivalentFipsCode":""}
,
{"ISO":"BH","ISO3":"BHR","ISO_Numeric":"048","fips":"BA","country":"Bahrain","capital":"Manama","area":"665","Population":"738004","Continent":"AS","tld":".bh","CurrencyCode":"BHD","CurrencyName":"Dinar","Phone":"973","Postal_Code_Format":"####|###","Postal_Code_Regex":"^(\\d{3}\\d?)$","Languages":"ar-BH,en,fa,ur","geonameid":"290291","neighbours":"","EquivalentFipsCode":""}
,
{"ISO":"BI","ISO3":"BDI","ISO_Numeric":"108","fips":"BY","country":"Burundi","capital":"Bujumbura","area":"27830","Population":"9863117","Continent":"AF","tld":".bi","CurrencyCode":"BIF","CurrencyName":"Franc","Phone":"257","Postal_Code_Format":"","Postal_Code_Regex":"","Languages":"fr-BI,rn","geonameid":"433561","neighbours":"TZ,CD,RW","EquivalentFipsCode":""}
,
{"ISO":"BJ","ISO3":"BEN","ISO_Numeric":"204","fips":"BN","country":"Benin","capital":"Porto-Novo","area":"112620","Population":"9056010","Continent":"AF","tld":".bj","CurrencyCode":"XOF","CurrencyName":"Franc","Phone":"229","Postal_Code_Format":"","Postal_Code_Regex":"","Languages":"fr-BJ","geonameid":"2395170","neighbours":"NE,TG,BF,NG","EquivalentFipsCode":""}
,
{"ISO":"BL","ISO3":"BLM","ISO_Numeric":"652","fips":"TB","country":"Saint Barthelemy","capital":"Gustavia","area":"21","Population":"8450","Continent":"NA","tld":".gp","CurrencyCode":"EUR","CurrencyName":"Euro","Phone":"590","Postal_Code_Format":"### ###","Postal_Code_Regex":"","Languages":"fr","geonameid":"3578476","neighbours":"","EquivalentFipsCode":""}
,
{"ISO":"BM","ISO3":"BMU","ISO_Numeric":"060","fips":"BD","country":"Bermuda","capital":"Hamilton","area":"53","Population":"65365","Continent":"NA","tld":".bm","CurrencyCode":"BMD","CurrencyName":"Dollar","Phone":"+1-441","Postal_Code_Format":"@@ ##","Postal_Code_Regex":"^([A-Z]{2}\\d{2})$","Languages":"en-BM,pt","geonameid":"3573345","neighbours":"","EquivalentFipsCode":""}
,
{"ISO":"BN","ISO3":"BRN","ISO_Numeric":"096","fips":"BX","country":"Brunei","capital":"Bandar Seri Begawan","area":"5770","Population":"395027","Continent":"AS","tld":".bn","CurrencyCode":"BND","CurrencyName":"Dollar","Phone":"673","Postal_Code_Format":"@@####","Postal_Code_Regex":"^([A-Z]{2}\\d{4})$","Languages":"ms-BN,en-BN","geonameid":"1820814","neighbours":"MY","EquivalentFipsCode":""}
,
{"ISO":"BO","ISO3":"BOL","ISO_Numeric":"068","fips":"BL","country":"Bolivia","capital":"Sucre","area":"1098580","Population":"9947418","Continent":"SA","tld":".bo","CurrencyCode":"BOB","CurrencyName":"Boliviano","Phone":"591","Postal_Code_Format":"","Postal_Code_Regex":"","Languages":"es-BO,qu,ay","geonameid":"3923057","neighbours":"PE,CL,PY,BR,AR","EquivalentFipsCode":""}
,
{"ISO":"BQ","ISO3":"BES","ISO_Numeric":"535","fips":"","country":"Bonaire, Saint Eustatius and Saba ","capital":"","area":"328","Population":"18012","Continent":"NA","tld":".bq","CurrencyCode":"USD","CurrencyName":"Dollar","Phone":"599","Postal_Code_Format":"","Postal_Code_Regex":"","Languages":"nl,pap,en","geonameid":"7626844","neighbours":"","EquivalentFipsCode":""}
,
{"ISO":"BR","ISO3":"BRA","ISO_Numeric":"076","fips":"BR","country":"Brazil","capital":"Brasilia","area":"8511965","Population":"201103330","Continent":"SA","tld":".br","CurrencyCode":"BRL","CurrencyName":"Real","Phone":"55","Postal_Code_Format":"#####-###","Postal_Code_Regex":"^(\\d{8})$","Languages":"pt-BR,es,en,fr","geonameid":"3469034","neighbours":"SR,PE,BO,UY,GY,PY,GF,VE,CO,AR","EquivalentFipsCode":""}
,
{"ISO":"BS","ISO3":"BHS","ISO_Numeric":"044","fips":"BF","country":"Bahamas","capital":"Nassau","area":"13940","Population":"301790","Continent":"NA","tld":".bs","CurrencyCode":"BSD","CurrencyName":"Dollar","Phone":"+1-242","Postal_Code_Format":"","Postal_Code_Regex":"","Languages":"en-BS","geonameid":"3572887","neighbours":"","EquivalentFipsCode":""}
,
{"ISO":"BT","ISO3":"BTN","ISO_Numeric":"064","fips":"BT","country":"Bhutan","capital":"Thimphu","area":"47000","Population":"699847","Continent":"AS","tld":".bt","CurrencyCode":"BTN","CurrencyName":"Ngultrum","Phone":"975","Postal_Code_Format":"","Postal_Code_Regex":"","Languages":"dz","geonameid":"1252634","neighbours":"CN,IN","EquivalentFipsCode":""}
,
{"ISO":"BV","ISO3":"BVT","ISO_Numeric":"074","fips":"BV","country":"Bouvet Island","capital":"","area":"49","Population":"0","Continent":"AN","tld":".bv","CurrencyCode":"NOK","CurrencyName":"Krone","Phone":"","Postal_Code_Format":"","Postal_Code_Regex":"","Languages":"","geonameid":"3371123","neighbours":"","EquivalentFipsCode":""}
,
{"ISO":"BW","ISO3":"BWA","ISO_Numeric":"072","fips":"BC","country":"Botswana","capital":"Gaborone","area":"600370","Population":"2029307","Continent":"AF","tld":".bw","CurrencyCode":"BWP","CurrencyName":"Pula","Phone":"267","Postal_Code_Format":"","Postal_Code_Regex":"","Languages":"en-BW,tn-BW","geonameid":"933860","neighbours":"ZW,ZA,NA","EquivalentFipsCode":""}
,
{"ISO":"BY","ISO3":"BLR","ISO_Numeric":"112","fips":"BO","country":"Belarus","capital":"Minsk","area":"207600","Population":"9685000","Continent":"EU","tld":".by","CurrencyCode":"BYR","CurrencyName":"Ruble","Phone":"375","Postal_Code_Format":"######","Postal_Code_Regex":"^(\\d{6})$","Languages":"be,ru","geonameid":"630336","neighbours":"PL,LT,UA,RU,LV","EquivalentFipsCode":""}
,
{"ISO":"BZ","ISO3":"BLZ","ISO_Numeric":"084","fips":"BH","country":"Belize","capital":"Belmopan","area":"22966","Population":"314522","Continent":"NA","tld":".bz","CurrencyCode":"BZD","CurrencyName":"Dollar","Phone":"501","Postal_Code_Format":"","Postal_Code_Regex":"","Languages":"en-BZ,es","geonameid":"3582678","neighbours":"GT,MX","EquivalentFipsCode":""}
,
{"ISO":"CA","ISO3":"CAN","ISO_Numeric":"124","fips":"CA","country":"Canada","capital":"Ottawa","area":"9984670","Population":"33679000","Continent":"NA","tld":".ca","CurrencyCode":"CAD","CurrencyName":"Dollar","Phone":"1","Postal_Code_Format":"@#@ #@#","Postal_Code_Regex":"^([ABCEGHJKLMNPRSTVXY]\\d[ABCEGHJKLMNPRSTVWXYZ]) ?(\\d[ABCEGHJKLMNPRSTVWXYZ]\\d)$ ","Languages":"en-CA,fr-CA,iu","geonameid":"6251999","neighbours":"US","EquivalentFipsCode":""}
,
{"ISO":"CC","ISO3":"CCK","ISO_Numeric":"166","fips":"CK","country":"Cocos Islands","capital":"West Island","area":"14","Population":"628","Continent":"AS","tld":".cc","CurrencyCode":"AUD","CurrencyName":"Dollar","Phone":"61","Postal_Code_Format":"","Postal_Code_Regex":"","Languages":"ms-CC,en","geonameid":"1547376","neighbours":"","EquivalentFipsCode":""}
,
{"ISO":"CD","ISO3":"COD","ISO_Numeric":"180","fips":"CG","country":"Democratic Republic of the Congo","capital":"Kinshasa","area":"2345410","Population":"70916439","Continent":"AF","tld":".cd","CurrencyCode":"CDF","CurrencyName":"Franc","Phone":"243","Postal_Code_Format":"","Postal_Code_Regex":"","Languages":"fr-CD,ln,kg","geonameid":"203312","neighbours":"TZ,CF,SS,RW,ZM,BI,UG,CG,AO","EquivalentFipsCode":""}
,
{"ISO":"CF","ISO3":"CAF","ISO_Numeric":"140","fips":"CT","country":"Central African Republic","capital":"Bangui","area":"622984","Population":"4844927","Continent":"AF","tld":".cf","CurrencyCode":"XAF","CurrencyName":"Franc","Phone":"236","Postal_Code_Format":"","Postal_Code_Regex":"","Languages":"fr-CF,sg,ln,kg","geonameid":"239880","neighbours":"TD,SD,CD,SS,CM,CG","EquivalentFipsCode":""}
,
{"ISO":"CG","ISO3":"COG","ISO_Numeric":"178","fips":"CF","country":"Republic of the Congo","capital":"Brazzaville","area":"342000","Population":"3039126","Continent":"AF","tld":".cg","CurrencyCode":"XAF","CurrencyName":"Franc","Phone":"242","Postal_Code_Format":"","Postal_Code_Regex":"","Languages":"fr-CG,kg,ln-CG","geonameid":"2260494","neighbours":"CF,GA,CD,CM,AO","EquivalentFipsCode":""}
,
{"ISO":"CH","ISO3":"CHE","ISO_Numeric":"756","fips":"SZ","country":"Switzerland","capital":"Berne","area":"41290","Population":"7581000","Continent":"EU","tld":".ch","CurrencyCode":"CHF","CurrencyName":"Franc","Phone":"41","Postal_Code_Format":"####","Postal_Code_Regex":"^(\\d{4})$","Languages":"de-CH,fr-CH,it-CH,rm","geonameid":"2658434","neighbours":"DE,IT,LI,FR,AT","EquivalentFipsCode":""}
,
{"ISO":"CI","ISO3":"CIV","ISO_Numeric":"384","fips":"IV","country":"Ivory Coast","capital":"Yamoussoukro","area":"322460","Population":"21058798","Continent":"AF","tld":".ci","CurrencyCode":"XOF","CurrencyName":"Franc","Phone":"225","Postal_Code_Format":"","Postal_Code_Regex":"","Languages":"fr-CI","geonameid":"2287781","neighbours":"LR,GH,GN,BF,ML","EquivalentFipsCode":""}
,
{"ISO":"CK","ISO3":"COK","ISO_Numeric":"184","fips":"CW","country":"Cook Islands","capital":"Avarua","area":"240","Population":"21388","Continent":"OC","tld":".ck","CurrencyCode":"NZD","CurrencyName":"Dollar","Phone":"682","Postal_Code_Format":"","Postal_Code_Regex":"","Languages":"en-CK,mi","geonameid":"1899402","neighbours":"","EquivalentFipsCode":""}
,
{"ISO":"CL","ISO3":"CHL","ISO_Numeric":"152","fips":"CI","country":"Chile","capital":"Santiago","area":"756950","Population":"16746491","Continent":"SA","tld":".cl","CurrencyCode":"CLP","CurrencyName":"Peso","Phone":"56","Postal_Code_Format":"#######","Postal_Code_Regex":"^(\\d{7})$","Languages":"es-CL","geonameid":"3895114","neighbours":"PE,BO,AR","EquivalentFipsCode":""}
,
{"ISO":"CM","ISO3":"CMR","ISO_Numeric":"120","fips":"CM","country":"Cameroon","capital":"Yaounde","area":"475440","Population":"19294149","Continent":"AF","tld":".cm","CurrencyCode":"XAF","CurrencyName":"Franc","Phone":"237","Postal_Code_Format":"","Postal_Code_Regex":"","Languages":"en-CM,fr-CM","geonameid":"2233387","neighbours":"TD,CF,GA,GQ,CG,NG","EquivalentFipsCode":""}
,
{"ISO":"CN","ISO3":"CHN","ISO_Numeric":"156","fips":"CH","country":"China","capital":"Beijing","area":"9596960","Population":"1330044000","Continent":"AS","tld":".cn","CurrencyCode":"CNY","CurrencyName":"Yuan Renminbi","Phone":"86","Postal_Code_Format":"######","Postal_Code_Regex":"^(\\d{6})$","Languages":"zh-CN,yue,wuu,dta,ug,za","geonameid":"1814991","neighbours":"LA,BT,TJ,KZ,MN,AF,NP,MM,KG,PK,KP,RU,VN,IN","EquivalentFipsCode":""}
,
{"ISO":"CO","ISO3":"COL","ISO_Numeric":"170","fips":"CO","country":"Colombia","capital":"Bogota","area":"1138910","Population":"47790000","Continent":"SA","tld":".co","CurrencyCode":"COP","CurrencyName":"Peso","Phone":"57","Postal_Code_Format":"","Postal_Code_Regex":"","Languages":"es-CO","geonameid":"3686110","neighbours":"EC,PE,PA,BR,VE","EquivalentFipsCode":""}
,
{"ISO":"CR","ISO3":"CRI","ISO_Numeric":"188","fips":"CS","country":"Costa Rica","capital":"San Jose","area":"51100","Population":"4516220","Continent":"NA","tld":".cr","CurrencyCode":"CRC","CurrencyName":"Colon","Phone":"506","Postal_Code_Format":"####","Postal_Code_Regex":"^(\\d{4})$","Languages":"es-CR,en","geonameid":"3624060","neighbours":"PA,NI","EquivalentFipsCode":""}
,
{"ISO":"CU","ISO3":"CUB","ISO_Numeric":"192","fips":"CU","country":"Cuba","capital":"Havana","area":"110860","Population":"11423000","Continent":"NA","tld":".cu","CurrencyCode":"CUP","CurrencyName":"Peso","Phone":"53","Postal_Code_Format":"CP #####","Postal_Code_Regex":"^(?:CP)*(\\d{5})$","Languages":"es-CU","geonameid":"3562981","neighbours":"US","EquivalentFipsCode":""}
,
{"ISO":"CV","ISO3":"CPV","ISO_Numeric":"132","fips":"CV","country":"Cape Verde","capital":"Praia","area":"4033","Population":"508659","Continent":"AF","tld":".cv","CurrencyCode":"CVE","CurrencyName":"Escudo","Phone":"238","Postal_Code_Format":"####","Postal_Code_Regex":"^(\\d{4})$","Languages":"pt-CV","geonameid":"3374766","neighbours":"","EquivalentFipsCode":""}
,
{"ISO":"CW","ISO3":"CUW","ISO_Numeric":"531","fips":"UC","country":"Curacao","capital":" Willemstad","area":"444","Population":"141766","Continent":"NA","tld":".cw","CurrencyCode":"ANG","CurrencyName":"Guilder","Phone":"599","Postal_Code_Format":"","Postal_Code_Regex":"","Languages":"nl,pap","geonameid":"7626836","neighbours":"","EquivalentFipsCode":""}
,
{"ISO":"CX","ISO3":"CXR","ISO_Numeric":"162","fips":"KT","country":"Christmas Island","capital":"Flying Fish Cove","area":"135","Population":"1500","Continent":"AS","tld":".cx","CurrencyCode":"AUD","CurrencyName":"Dollar","Phone":"61","Postal_Code_Format":"####","Postal_Code_Regex":"^(\\d{4})$","Languages":"en,zh,ms-CC","geonameid":"2078138","neighbours":"","EquivalentFipsCode":""}
,
{"ISO":"CY","ISO3":"CYP","ISO_Numeric":"196","fips":"CY","country":"Cyprus","capital":"Nicosia","area":"9250","Population":"1102677","Continent":"EU","tld":".cy","CurrencyCode":"EUR","CurrencyName":"Euro","Phone":"357","Postal_Code_Format":"####","Postal_Code_Regex":"^(\\d{4})$","Languages":"el-CY,tr-CY,en","geonameid":"146669","neighbours":"","EquivalentFipsCode":""}
,
{"ISO":"CZ","ISO3":"CZE","ISO_Numeric":"203","fips":"EZ","country":"Czech Republic","capital":"Prague","area":"78866","Population":"10476000","Continent":"EU","tld":".cz","CurrencyCode":"CZK","CurrencyName":"Koruna","Phone":"420","Postal_Code_Format":"### ##","Postal_Code_Regex":"^(\\d{5})$","Languages":"cs,sk","geonameid":"3077311","neighbours":"PL,DE,SK,AT","EquivalentFipsCode":""}
,
{"ISO":"DE","ISO3":"DEU","ISO_Numeric":"276","fips":"GM","country":"Germany","capital":"Berlin","area":"357021","Population":"81802257","Continent":"EU","tld":".de","CurrencyCode":"EUR","CurrencyName":"Euro","Phone":"49","Postal_Code_Format":"#####","Postal_Code_Regex":"^(\\d{5})$","Languages":"de","geonameid":"2921044","neighbours":"CH,PL,NL,DK,BE,CZ,LU,FR,AT","EquivalentFipsCode":""}
,
{"ISO":"DJ","ISO3":"DJI","ISO_Numeric":"262","fips":"DJ","country":"Djibouti","capital":"Djibouti","area":"23000","Population":"740528","Continent":"AF","tld":".dj","CurrencyCode":"DJF","CurrencyName":"Franc","Phone":"253","Postal_Code_Format":"","Postal_Code_Regex":"","Languages":"fr-DJ,ar,so-DJ,aa","geonameid":"223816","neighbours":"ER,ET,SO","EquivalentFipsCode":""}
,
{"ISO":"DK","ISO3":"DNK","ISO_Numeric":"208","fips":"DA","country":"Denmark","capital":"Copenhagen","area":"43094","Population":"5484000","Continent":"EU","tld":".dk","CurrencyCode":"DKK","CurrencyName":"Krone","Phone":"45","Postal_Code_Format":"####","Postal_Code_Regex":"^(\\d{4})$","Languages":"da-DK,en,fo,de-DK","geonameid":"2623032","neighbours":"DE","EquivalentFipsCode":""}
,
{"ISO":"DM","ISO3":"DMA","ISO_Numeric":"212","fips":"DO","country":"Dominica","capital":"Roseau","area":"754","Population":"72813","Continent":"NA","tld":".dm","CurrencyCode":"XCD","CurrencyName":"Dollar","Phone":"+1-767","Postal_Code_Format":"","Postal_Code_Regex":"","Languages":"en-DM","geonameid":"3575830","neighbours":"","EquivalentFipsCode":""}
,
{"ISO":"DO","ISO3":"DOM","ISO_Numeric":"214","fips":"DR","country":"Dominican Republic","capital":"Santo Domingo","area":"48730","Population":"9823821","Continent":"NA","tld":".do","CurrencyCode":"DOP","CurrencyName":"Peso","Phone":"+1-809 and 1-829","Postal_Code_Format":"#####","Postal_Code_Regex":"^(\\d{5})$","Languages":"es-DO","geonameid":"3508796","neighbours":"HT","EquivalentFipsCode":""}
,
{"ISO":"DZ","ISO3":"DZA","ISO_Numeric":"012","fips":"AG","country":"Algeria","capital":"Algiers","area":"2381740","Population":"34586184","Continent":"AF","tld":".dz","CurrencyCode":"DZD","CurrencyName":"Dinar","Phone":"213","Postal_Code_Format":"#####","Postal_Code_Regex":"^(\\d{5})$","Languages":"ar-DZ","geonameid":"2589581","neighbours":"NE,EH,LY,MR,TN,MA,ML","EquivalentFipsCode":""}
,
{"ISO":"EC","ISO3":"ECU","ISO_Numeric":"218","fips":"EC","country":"Ecuador","capital":"Quito","area":"283560","Population":"14790608","Continent":"SA","tld":".ec","CurrencyCode":"USD","CurrencyName":"Dollar","Phone":"593","Postal_Code_Format":"@####@","Postal_Code_Regex":"^([a-zA-Z]\\d{4}[a-zA-Z])$","Languages":"es-EC","geonameid":"3658394","neighbours":"PE,CO","EquivalentFipsCode":""}
,
{"ISO":"EE","ISO3":"EST","ISO_Numeric":"233","fips":"EN","country":"Estonia","capital":"Tallinn","area":"45226","Population":"1291170","Continent":"EU","tld":".ee","CurrencyCode":"EUR","CurrencyName":"Euro","Phone":"372","Postal_Code_Format":"#####","Postal_Code_Regex":"^(\\d{5})$","Languages":"et,ru","geonameid":"453733","neighbours":"RU,LV","EquivalentFipsCode":""}
,
{"ISO":"EG","ISO3":"EGY","ISO_Numeric":"818","fips":"EG","country":"Egypt","capital":"Cairo","area":"1001450","Population":"80471869","Continent":"AF","tld":".eg","CurrencyCode":"EGP","CurrencyName":"Pound","Phone":"20","Postal_Code_Format":"#####","Postal_Code_Regex":"^(\\d{5})$","Languages":"ar-EG,en,fr","geonameid":"357994","neighbours":"LY,SD,IL,PS","EquivalentFipsCode":""}
,
{"ISO":"EH","ISO3":"ESH","ISO_Numeric":"732","fips":"WI","country":"Western Sahara","capital":"El-Aaiun","area":"266000","Population":"273008","Continent":"AF","tld":".eh","CurrencyCode":"MAD","CurrencyName":"Dirham","Phone":"212","Postal_Code_Format":"","Postal_Code_Regex":"","Languages":"ar,mey","geonameid":"2461445","neighbours":"DZ,MR,MA","EquivalentFipsCode":""}
,
{"ISO":"ER","ISO3":"ERI","ISO_Numeric":"232","fips":"ER","country":"Eritrea","capital":"Asmara","area":"121320","Population":"5792984","Continent":"AF","tld":".er","CurrencyCode":"ERN","CurrencyName":"Nakfa","Phone":"291","Postal_Code_Format":"","Postal_Code_Regex":"","Languages":"aa-ER,ar,tig,kun,ti-ER","geonameid":"338010","neighbours":"ET,SD,DJ","EquivalentFipsCode":""}
,
{"ISO":"ES","ISO3":"ESP","ISO_Numeric":"724","fips":"SP","country":"Spain","capital":"Madrid","area":"504782","Population":"46505963","Continent":"EU","tld":".es","CurrencyCode":"EUR","CurrencyName":"Euro","Phone":"34","Postal_Code_Format":"#####","Postal_Code_Regex":"^(\\d{5})$","Languages":"es-ES,ca,gl,eu,oc","geonameid":"2510769","neighbours":"AD,PT,GI,FR,MA","EquivalentFipsCode":""}
,
{"ISO":"ET","ISO3":"ETH","ISO_Numeric":"231","fips":"ET","country":"Ethiopia","capital":"Addis Ababa","area":"1127127","Population":"88013491","Continent":"AF","tld":".et","CurrencyCode":"ETB","CurrencyName":"Birr","Phone":"251","Postal_Code_Format":"####","Postal_Code_Regex":"^(\\d{4})$","Languages":"am,en-ET,om-ET,ti-ET,so-ET,sid","geonameid":"337996","neighbours":"ER,KE,SD,SS,SO,DJ","EquivalentFipsCode":""}
,
{"ISO":"FI","ISO3":"FIN","ISO_Numeric":"246","fips":"FI","country":"Finland","capital":"Helsinki","area":"337030","Population":"5244000","Continent":"EU","tld":".fi","CurrencyCode":"EUR","CurrencyName":"Euro","Phone":"358","Postal_Code_Format":"#####","Postal_Code_Regex":"^(?:FI)*(\\d{5})$","Languages":"fi-FI,sv-FI,smn","geonameid":"660013","neighbours":"NO,RU,SE","EquivalentFipsCode":""}
,
{"ISO":"FJ","ISO3":"FJI","ISO_Numeric":"242","fips":"FJ","country":"Fiji","capital":"Suva","area":"18270","Population":"875983","Continent":"OC","tld":".fj","CurrencyCode":"FJD","CurrencyName":"Dollar","Phone":"679","Postal_Code_Format":"","Postal_Code_Regex":"","Languages":"en-FJ,fj","geonameid":"2205218","neighbours":"","EquivalentFipsCode":""}
,
{"ISO":"FK","ISO3":"FLK","ISO_Numeric":"238","fips":"FK","country":"Falkland Islands","capital":"Stanley","area":"12173","Population":"2638","Continent":"SA","tld":".fk","CurrencyCode":"FKP","CurrencyName":"Pound","Phone":"500","Postal_Code_Format":"","Postal_Code_Regex":"","Languages":"en-FK","geonameid":"3474414","neighbours":"","EquivalentFipsCode":""}
,
{"ISO":"FM","ISO3":"FSM","ISO_Numeric":"583","fips":"FM","country":"Micronesia","capital":"Palikir","area":"702","Population":"107708","Continent":"OC","tld":".fm","CurrencyCode":"USD","CurrencyName":"Dollar","Phone":"691","Postal_Code_Format":"#####","Postal_Code_Regex":"^(\\d{5})$","Languages":"en-FM,chk,pon,yap,kos,uli,woe,nkr,kpg","geonameid":"2081918","neighbours":"","EquivalentFipsCode":""}
,
{"ISO":"FO","ISO3":"FRO","ISO_Numeric":"234","fips":"FO","country":"Faroe Islands","capital":"Torshavn","area":"1399","Population":"48228","Continent":"EU","tld":".fo","CurrencyCode":"DKK","CurrencyName":"Krone","Phone":"298","Postal_Code_Format":"FO-###","Postal_Code_Regex":"^(?:FO)*(\\d{3})$","Languages":"fo,da-FO","geonameid":"2622320","neighbours":"","EquivalentFipsCode":""}
,
{"ISO":"FR","ISO3":"FRA","ISO_Numeric":"250","fips":"FR","country":"France","capital":"Paris","area":"547030","Population":"64768389","Continent":"EU","tld":".fr","CurrencyCode":"EUR","CurrencyName":"Euro","Phone":"33","Postal_Code_Format":"#####","Postal_Code_Regex":"^(\\d{5})$","Languages":"fr-FR,frp,br,co,ca,eu,oc","geonameid":"3017382","neighbours":"CH,DE,BE,LU,IT,AD,MC,ES","EquivalentFipsCode":""}
,
{"ISO":"GA","ISO3":"GAB","ISO_Numeric":"266","fips":"GB","country":"Gabon","capital":"Libreville","area":"267667","Population":"1545255","Continent":"AF","tld":".ga","CurrencyCode":"XAF","CurrencyName":"Franc","Phone":"241","Postal_Code_Format":"","Postal_Code_Regex":"","Languages":"fr-GA","geonameid":"2400553","neighbours":"CM,GQ,CG","EquivalentFipsCode":""}
,
{"ISO":"GB","ISO3":"GBR","ISO_Numeric":"826","fips":"UK","country":"United Kingdom","capital":"London","area":"244820","Population":"62348447","Continent":"EU","tld":".uk","CurrencyCode":"GBP","CurrencyName":"Pound","Phone":"44","Postal_Code_Format":"@# #@@|@## #@@|@@# #@@|@@## #@@|@#@ #@@|@@#@ #@@|GIR0AA","Postal_Code_Regex":"^(([A-Z]\\d{2}[A-Z]{2})|([A-Z]\\d{3}[A-Z]{2})|([A-Z]{2}\\d{2}[A-Z]{2})|([A-Z]{2}\\d{3}[A-Z]{2})|([A-Z]\\d[A-Z]\\d[A-Z]{2})|([A-Z]{2}\\d[A-Z]\\d[A-Z]{2})|(GIR0AA))$","Languages":"en-GB,cy-GB,gd","geonameid":"2635167","neighbours":"IE","EquivalentFipsCode":""}
,
{"ISO":"GD","ISO3":"GRD","ISO_Numeric":"308","fips":"GJ","country":"Grenada","capital":"St. George's","area":"344","Population":"107818","Continent":"NA","tld":".gd","CurrencyCode":"XCD","CurrencyName":"Dollar","Phone":"+1-473","Postal_Code_Format":"","Postal_Code_Regex":"","Languages":"en-GD","geonameid":"3580239","neighbours":"","EquivalentFipsCode":""}
,
{"ISO":"GE","ISO3":"GEO","ISO_Numeric":"268","fips":"GG","country":"Georgia","capital":"Tbilisi","area":"69700","Population":"4630000","Continent":"AS","tld":".ge","CurrencyCode":"GEL","CurrencyName":"Lari","Phone":"995","Postal_Code_Format":"####","Postal_Code_Regex":"^(\\d{4})$","Languages":"ka,ru,hy,az","geonameid":"614540","neighbours":"AM,AZ,TR,RU","EquivalentFipsCode":""}
,
{"ISO":"GF","ISO3":"GUF","ISO_Numeric":"254","fips":"FG","country":"French Guiana","capital":"Cayenne","area":"91000","Population":"195506","Continent":"SA","tld":".gf","CurrencyCode":"EUR","CurrencyName":"Euro","Phone":"594","Postal_Code_Format":"#####","Postal_Code_Regex":"^((97|98)3\\d{2})$","Languages":"fr-GF","geonameid":"3381670","neighbours":"SR,BR","EquivalentFipsCode":""}
,
{"ISO":"GG","ISO3":"GGY","ISO_Numeric":"831","fips":"GK","country":"Guernsey","capital":"St Peter Port","area":"78","Population":"65228","Continent":"EU","tld":".gg","CurrencyCode":"GBP","CurrencyName":"Pound","Phone":"+44-1481","Postal_Code_Format":"@# #@@|@## #@@|@@# #@@|@@## #@@|@#@ #@@|@@#@ #@@|GIR0AA","Postal_Code_Regex":"^(([A-Z]\\d{2}[A-Z]{2})|([A-Z]\\d{3}[A-Z]{2})|([A-Z]{2}\\d{2}[A-Z]{2})|([A-Z]{2}\\d{3}[A-Z]{2})|([A-Z]\\d[A-Z]\\d[A-Z]{2})|([A-Z]{2}\\d[A-Z]\\d[A-Z]{2})|(GIR0AA))$","Languages":"en,fr","geonameid":"3042362","neighbours":"","EquivalentFipsCode":""}
,
{"ISO":"GH","ISO3":"GHA","ISO_Numeric":"288","fips":"GH","country":"Ghana","capital":"Accra","area":"239460","Population":"24339838","Continent":"AF","tld":".gh","CurrencyCode":"GHS","CurrencyName":"Cedi","Phone":"233","Postal_Code_Format":"","Postal_Code_Regex":"","Languages":"en-GH,ak,ee,tw","geonameid":"2300660","neighbours":"CI,TG,BF","EquivalentFipsCode":""}
,
{"ISO":"GI","ISO3":"GIB","ISO_Numeric":"292","fips":"GI","country":"Gibraltar","capital":"Gibraltar","area":"6.5","Population":"27884","Continent":"EU","tld":".gi","CurrencyCode":"GIP","CurrencyName":"Pound","Phone":"350","Postal_Code_Format":"","Postal_Code_Regex":"","Languages":"en-GI,es,it,pt","geonameid":"2411586","neighbours":"ES","EquivalentFipsCode":""}
,
{"ISO":"GL","ISO3":"GRL","ISO_Numeric":"304","fips":"GL","country":"Greenland","capital":"Nuuk","area":"2166086","Population":"56375","Continent":"NA","tld":".gl","CurrencyCode":"DKK","CurrencyName":"Krone","Phone":"299","Postal_Code_Format":"####","Postal_Code_Regex":"^(\\d{4})$","Languages":"kl,da-GL,en","geonameid":"3425505","neighbours":"","EquivalentFipsCode":""}
,
{"ISO":"GM","ISO3":"GMB","ISO_Numeric":"270","fips":"GA","country":"Gambia","capital":"Banjul","area":"11300","Population":"1593256","Continent":"AF","tld":".gm","CurrencyCode":"GMD","CurrencyName":"Dalasi","Phone":"220","Postal_Code_Format":"","Postal_Code_Regex":"","Languages":"en-GM,mnk,wof,wo,ff","geonameid":"2413451","neighbours":"SN","EquivalentFipsCode":""}
,
{"ISO":"GN","ISO3":"GIN","ISO_Numeric":"324","fips":"GV","country":"Guinea","capital":"Conakry","area":"245857","Population":"10324025","Continent":"AF","tld":".gn","CurrencyCode":"GNF","CurrencyName":"Franc","Phone":"224","Postal_Code_Format":"","Postal_Code_Regex":"","Languages":"fr-GN","geonameid":"2420477","neighbours":"LR,SN,SL,CI,GW,ML","EquivalentFipsCode":""}
,
{"ISO":"GP","ISO3":"GLP","ISO_Numeric":"312","fips":"GP","country":"Guadeloupe","capital":"Basse-Terre","area":"1780","Population":"443000","Continent":"NA","tld":".gp","CurrencyCode":"EUR","CurrencyName":"Euro","Phone":"590","Postal_Code_Format":"#####","Postal_Code_Regex":"^((97|98)\\d{3})$","Languages":"fr-GP","geonameid":"3579143","neighbours":"","EquivalentFipsCode":""}
,
{"ISO":"GQ","ISO3":"GNQ","ISO_Numeric":"226","fips":"EK","country":"Equatorial Guinea","capital":"Malabo","area":"28051","Population":"1014999","Continent":"AF","tld":".gq","CurrencyCode":"XAF","CurrencyName":"Franc","Phone":"240","Postal_Code_Format":"","Postal_Code_Regex":"","Languages":"es-GQ,fr","geonameid":"2309096","neighbours":"GA,CM","EquivalentFipsCode":""}
,
{"ISO":"GR","ISO3":"GRC","ISO_Numeric":"300","fips":"GR","country":"Greece","capital":"Athens","area":"131940","Population":"11000000","Continent":"EU","tld":".gr","CurrencyCode":"EUR","CurrencyName":"Euro","Phone":"30","Postal_Code_Format":"### ##","Postal_Code_Regex":"^(\\d{5})$","Languages":"el-GR,en,fr","geonameid":"390903","neighbours":"AL,MK,TR,BG","EquivalentFipsCode":""}
,
{"ISO":"GS","ISO3":"SGS","ISO_Numeric":"239","fips":"SX","country":"South Georgia and the South Sandwich Islands","capital":"Grytviken","area":"3903","Population":"30","Continent":"AN","tld":".gs","CurrencyCode":"GBP","CurrencyName":"Pound","Phone":"","Postal_Code_Format":"","Postal_Code_Regex":"","Languages":"en","geonameid":"3474415","neighbours":"","EquivalentFipsCode":""}
,
{"ISO":"GT","ISO3":"GTM","ISO_Numeric":"320","fips":"GT","country":"Guatemala","capital":"Guatemala City","area":"108890","Population":"13550440","Continent":"NA","tld":".gt","CurrencyCode":"GTQ","CurrencyName":"Quetzal","Phone":"502","Postal_Code_Format":"#####","Postal_Code_Regex":"^(\\d{5})$","Languages":"es-GT","geonameid":"3595528","neighbours":"MX,HN,BZ,SV","EquivalentFipsCode":""}
,
{"ISO":"GU","ISO3":"GUM","ISO_Numeric":"316","fips":"GQ","country":"Guam","capital":"Hagatna","area":"549","Population":"159358","Continent":"OC","tld":".gu","CurrencyCode":"USD","CurrencyName":"Dollar","Phone":"+1-671","Postal_Code_Format":"969##","Postal_Code_Regex":"^(969\\d{2})$","Languages":"en-GU,ch-GU","geonameid":"4043988","neighbours":"","EquivalentFipsCode":""}
,
{"ISO":"GW","ISO3":"GNB","ISO_Numeric":"624","fips":"PU","country":"Guinea-Bissau","capital":"Bissau","area":"36120","Population":"1565126","Continent":"AF","tld":".gw","CurrencyCode":"XOF","CurrencyName":"Franc","Phone":"245","Postal_Code_Format":"####","Postal_Code_Regex":"^(\\d{4})$","Languages":"pt-GW,pov","geonameid":"2372248","neighbours":"SN,GN","EquivalentFipsCode":""}
,
{"ISO":"GY","ISO3":"GUY","ISO_Numeric":"328","fips":"GY","country":"Guyana","capital":"Georgetown","area":"214970","Population":"748486","Continent":"SA","tld":".gy","CurrencyCode":"GYD","CurrencyName":"Dollar","Phone":"592","Postal_Code_Format":"","Postal_Code_Regex":"","Languages":"en-GY","geonameid":"3378535","neighbours":"SR,BR,VE","EquivalentFipsCode":""}
,
{"ISO":"HK","ISO3":"HKG","ISO_Numeric":"344","fips":"HK","country":"Hong Kong","capital":"Hong Kong","area":"1092","Population":"6898686","Continent":"AS","tld":".hk","CurrencyCode":"HKD","CurrencyName":"Dollar","Phone":"852","Postal_Code_Format":"","Postal_Code_Regex":"","Languages":"zh-HK,yue,zh,en","geonameid":"1819730","neighbours":"","EquivalentFipsCode":""}
,
{"ISO":"HM","ISO3":"HMD","ISO_Numeric":"334","fips":"HM","country":"Heard Island and McDonald Islands","capital":"","area":"412","Population":"0","Continent":"AN","tld":".hm","CurrencyCode":"AUD","CurrencyName":"Dollar","Phone":" ","Postal_Code_Format":"","Postal_Code_Regex":"","Languages":"","geonameid":"1547314","neighbours":"","EquivalentFipsCode":""}
,
{"ISO":"HN","ISO3":"HND","ISO_Numeric":"340","fips":"HO","country":"Honduras","capital":"Tegucigalpa","area":"112090","Population":"7989415","Continent":"NA","tld":".hn","CurrencyCode":"HNL","CurrencyName":"Lempira","Phone":"504","Postal_Code_Format":"@@####","Postal_Code_Regex":"^([A-Z]{2}\\d{4})$","Languages":"es-HN","geonameid":"3608932","neighbours":"GT,NI,SV","EquivalentFipsCode":""}
,
{"ISO":"HR","ISO3":"HRV","ISO_Numeric":"191","fips":"HR","country":"Croatia","capital":"Zagreb","area":"56542","Population":"4491000","Continent":"EU","tld":".hr","CurrencyCode":"HRK","CurrencyName":"Kuna","Phone":"385","Postal_Code_Format":"#####","Postal_Code_Regex":"^(?:HR)*(\\d{5})$","Languages":"hr-HR,sr","geonameid":"3202326","neighbours":"HU,SI,BA,ME,RS","EquivalentFipsCode":""}
,
{"ISO":"HT","ISO3":"HTI","ISO_Numeric":"332","fips":"HA","country":"Haiti","capital":"Port-au-Prince","area":"27750","Population":"9648924","Continent":"NA","tld":".ht","CurrencyCode":"HTG","CurrencyName":"Gourde","Phone":"509","Postal_Code_Format":"HT####","Postal_Code_Regex":"^(?:HT)*(\\d{4})$","Languages":"ht,fr-HT","geonameid":"3723988","neighbours":"DO","EquivalentFipsCode":""}
,
{"ISO":"HU","ISO3":"HUN","ISO_Numeric":"348","fips":"HU","country":"Hungary","capital":"Budapest","area":"93030","Population":"9982000","Continent":"EU","tld":".hu","CurrencyCode":"HUF","CurrencyName":"Forint","Phone":"36","Postal_Code_Format":"####","Postal_Code_Regex":"^(\\d{4})$","Languages":"hu-HU","geonameid":"719819","neighbours":"SK,SI,RO,UA,HR,AT,RS","EquivalentFipsCode":""}
,
{"ISO":"ID","ISO3":"IDN","ISO_Numeric":"360","fips":"ID","country":"Indonesia","capital":"Jakarta","area":"1919440","Population":"242968342","Continent":"AS","tld":".id","CurrencyCode":"IDR","CurrencyName":"Rupiah","Phone":"62","Postal_Code_Format":"#####","Postal_Code_Regex":"^(\\d{5})$","Languages":"id,en,nl,jv","geonameid":"1643084","neighbours":"PG,TL,MY","EquivalentFipsCode":""}
,
{"ISO":"IE","ISO3":"IRL","ISO_Numeric":"372","fips":"EI","country":"Ireland","capital":"Dublin","area":"70280","Population":"4622917","Continent":"EU","tld":".ie","CurrencyCode":"EUR","CurrencyName":"Euro","Phone":"353","Postal_Code_Format":"","Postal_Code_Regex":"","Languages":"en-IE,ga-IE","geonameid":"2963597","neighbours":"GB","EquivalentFipsCode":""}
,
{"ISO":"IL","ISO3":"ISR","ISO_Numeric":"376","fips":"IS","country":"Israel","capital":"Jerusalem","area":"20770","Population":"7353985","Continent":"AS","tld":".il","CurrencyCode":"ILS","CurrencyName":"Shekel","Phone":"972","Postal_Code_Format":"#####","Postal_Code_Regex":"^(\\d{5})$","Languages":"he,ar-IL,en-IL,","geonameid":"294640","neighbours":"SY,JO,LB,EG,PS","EquivalentFipsCode":""}
,
{"ISO":"IM","ISO3":"IMN","ISO_Numeric":"833","fips":"IM","country":"Isle of Man","capital":"Douglas, Isle of Man","area":"572","Population":"75049","Continent":"EU","tld":".im","CurrencyCode":"GBP","CurrencyName":"Pound","Phone":"+44-1624","Postal_Code_Format":"@# #@@|@## #@@|@@# #@@|@@## #@@|@#@ #@@|@@#@ #@@|GIR0AA","Postal_Code_Regex":"^(([A-Z]\\d{2}[A-Z]{2})|([A-Z]\\d{3}[A-Z]{2})|([A-Z]{2}\\d{2}[A-Z]{2})|([A-Z]{2}\\d{3}[A-Z]{2})|([A-Z]\\d[A-Z]\\d[A-Z]{2})|([A-Z]{2}\\d[A-Z]\\d[A-Z]{2})|(GIR0AA))$","Languages":"en,gv","geonameid":"3042225","neighbours":"","EquivalentFipsCode":""}
,
{"ISO":"IN","ISO3":"IND","ISO_Numeric":"356","fips":"IN","country":"India","capital":"New Delhi","area":"3287590","Population":"1173108018","Continent":"AS","tld":".in","CurrencyCode":"INR","CurrencyName":"Rupee","Phone":"91","Postal_Code_Format":"######","Postal_Code_Regex":"^(\\d{6})$","Languages":"en-IN,hi,bn,te,mr,ta,ur,gu,kn,ml,or,pa,as,bh,sat,ks,ne,sd,kok,doi,mni,sit,sa,fr,lus,inc","geonameid":"1269750","neighbours":"CN,NP,MM,BT,PK,BD","EquivalentFipsCode":""}
,
{"ISO":"IO","ISO3":"IOT","ISO_Numeric":"086","fips":"IO","country":"British Indian Ocean Territory","capital":"Diego Garcia","area":"60","Population":"4000","Continent":"AS","tld":".io","CurrencyCode":"USD","CurrencyName":"Dollar","Phone":"246","Postal_Code_Format":"","Postal_Code_Regex":"","Languages":"en-IO","geonameid":"1282588","neighbours":"","EquivalentFipsCode":""}
,
{"ISO":"IQ","ISO3":"IRQ","ISO_Numeric":"368","fips":"IZ","country":"Iraq","capital":"Baghdad","area":"437072","Population":"29671605","Continent":"AS","tld":".iq","CurrencyCode":"IQD","CurrencyName":"Dinar","Phone":"964","Postal_Code_Format":"#####","Postal_Code_Regex":"^(\\d{5})$","Languages":"ar-IQ,ku,hy","geonameid":"99237","neighbours":"SY,SA,IR,JO,TR,KW","EquivalentFipsCode":""}
,
{"ISO":"IR","ISO3":"IRN","ISO_Numeric":"364","fips":"IR","country":"Iran","capital":"Tehran","area":"1648000","Population":"76923300","Continent":"AS","tld":".ir","CurrencyCode":"IRR","CurrencyName":"Rial","Phone":"98","Postal_Code_Format":"##########","Postal_Code_Regex":"^(\\d{10})$","Languages":"fa-IR,ku","geonameid":"130758","neighbours":"TM,AF,IQ,AM,PK,AZ,TR","EquivalentFipsCode":""}
,
{"ISO":"IS","ISO3":"ISL","ISO_Numeric":"352","fips":"IC","country":"Iceland","capital":"Reykjavik","area":"103000","Population":"308910","Continent":"EU","tld":".is","CurrencyCode":"ISK","CurrencyName":"Krona","Phone":"354","Postal_Code_Format":"###","Postal_Code_Regex":"^(\\d{3})$","Languages":"is,en,de,da,sv,no","geonameid":"2629691","neighbours":"","EquivalentFipsCode":""}
,
{"ISO":"IT","ISO3":"ITA","ISO_Numeric":"380","fips":"IT","country":"Italy","capital":"Rome","area":"301230","Population":"60340328","Continent":"EU","tld":".it","CurrencyCode":"EUR","CurrencyName":"Euro","Phone":"39","Postal_Code_Format":"#####","Postal_Code_Regex":"^(\\d{5})$","Languages":"it-IT,de-IT,fr-IT,sc,ca,co,sl","geonameid":"3175395","neighbours":"CH,VA,SI,SM,FR,AT","EquivalentFipsCode":""}
,
{"ISO":"JE","ISO3":"JEY","ISO_Numeric":"832","fips":"JE","country":"Jersey","capital":"Saint Helier","area":"116","Population":"90812","Continent":"EU","tld":".je","CurrencyCode":"GBP","CurrencyName":"Pound","Phone":"+44-1534","Postal_Code_Format":"@# #@@|@## #@@|@@# #@@|@@## #@@|@#@ #@@|@@#@ #@@|GIR0AA","Postal_Code_Regex":"^(([A-Z]\\d{2}[A-Z]{2})|([A-Z]\\d{3}[A-Z]{2})|([A-Z]{2}\\d{2}[A-Z]{2})|([A-Z]{2}\\d{3}[A-Z]{2})|([A-Z]\\d[A-Z]\\d[A-Z]{2})|([A-Z]{2}\\d[A-Z]\\d[A-Z]{2})|(GIR0AA))$","Languages":"en,pt","geonameid":"3042142","neighbours":"","EquivalentFipsCode":""}
,
{"ISO":"JM","ISO3":"JAM","ISO_Numeric":"388","fips":"JM","country":"Jamaica","capital":"Kingston","area":"10991","Population":"2847232","Continent":"NA","tld":".jm","CurrencyCode":"JMD","CurrencyName":"Dollar","Phone":"+1-876","Postal_Code_Format":"","Postal_Code_Regex":"","Languages":"en-JM","geonameid":"3489940","neighbours":"","EquivalentFipsCode":""}
,
{"ISO":"JO","ISO3":"JOR","ISO_Numeric":"400","fips":"JO","country":"Jordan","capital":"Amman","area":"92300","Population":"6407085","Continent":"AS","tld":".jo","CurrencyCode":"JOD","CurrencyName":"Dinar","Phone":"962","Postal_Code_Format":"#####","Postal_Code_Regex":"^(\\d{5})$","Languages":"ar-JO,en","geonameid":"248816","neighbours":"SY,SA,IQ,IL,PS","EquivalentFipsCode":""}
,
{"ISO":"JP","ISO3":"JPN","ISO_Numeric":"392","fips":"JA","country":"Japan","capital":"Tokyo","area":"377835","Population":"127288000","Continent":"AS","tld":".jp","CurrencyCode":"JPY","CurrencyName":"Yen","Phone":"81","Postal_Code_Format":"###-####","Postal_Code_Regex":"^(\\d{7})$","Languages":"ja","geonameid":"1861060","neighbours":"","EquivalentFipsCode":""}
,
{"ISO":"KE","ISO3":"KEN","ISO_Numeric":"404","fips":"KE","country":"Kenya","capital":"Nairobi","area":"582650","Population":"40046566","Continent":"AF","tld":".ke","CurrencyCode":"KES","CurrencyName":"Shilling","Phone":"254","Postal_Code_Format":"#####","Postal_Code_Regex":"^(\\d{5})$","Languages":"en-KE,sw-KE","geonameid":"192950","neighbours":"ET,TZ,SS,SO,UG","EquivalentFipsCode":""}
,
{"ISO":"KG","ISO3":"KGZ","ISO_Numeric":"417","fips":"KG","country":"Kyrgyzstan","capital":"Bishkek","area":"198500","Population":"5508626","Continent":"AS","tld":".kg","CurrencyCode":"KGS","CurrencyName":"Som","Phone":"996","Postal_Code_Format":"######","Postal_Code_Regex":"^(\\d{6})$","Languages":"ky,uz,ru","geonameid":"1527747","neighbours":"CN,TJ,UZ,KZ","EquivalentFipsCode":""}
,
{"ISO":"KH","ISO3":"KHM","ISO_Numeric":"116","fips":"CB","country":"Cambodia","capital":"Phnom Penh","area":"181040","Population":"14453680","Continent":"AS","tld":".kh","CurrencyCode":"KHR","CurrencyName":"Riels","Phone":"855","Postal_Code_Format":"#####","Postal_Code_Regex":"^(\\d{5})$","Languages":"km,fr,en","geonameid":"1831722","neighbours":"LA,TH,VN","EquivalentFipsCode":""}
,
{"ISO":"KI","ISO3":"KIR","ISO_Numeric":"296","fips":"KR","country":"Kiribati","capital":"Tarawa","area":"811","Population":"92533","Continent":"OC","tld":".ki","CurrencyCode":"AUD","CurrencyName":"Dollar","Phone":"686","Postal_Code_Format":"","Postal_Code_Regex":"","Languages":"en-KI,gil","geonameid":"4030945","neighbours":"","EquivalentFipsCode":""}
,
{"ISO":"KM","ISO3":"COM","ISO_Numeric":"174","fips":"CN","country":"Comoros","capital":"Moroni","area":"2170","Population":"773407","Continent":"AF","tld":".km","CurrencyCode":"KMF","CurrencyName":"Franc","Phone":"269","Postal_Code_Format":"","Postal_Code_Regex":"","Languages":"ar,fr-KM","geonameid":"921929","neighbours":"","EquivalentFipsCode":""}
,
{"ISO":"KN","ISO3":"KNA","ISO_Numeric":"659","fips":"SC","country":"Saint Kitts and Nevis","capital":"Basseterre","area":"261","Population":"51134","Continent":"NA","tld":".kn","CurrencyCode":"XCD","CurrencyName":"Dollar","Phone":"+1-869","Postal_Code_Format":"","Postal_Code_Regex":"","Languages":"en-KN","geonameid":"3575174","neighbours":"","EquivalentFipsCode":""}
,
{"ISO":"KP","ISO3":"PRK","ISO_Numeric":"408","fips":"KN","country":"North Korea","capital":"Pyongyang","area":"120540","Population":"22912177","Continent":"AS","tld":".kp","CurrencyCode":"KPW","CurrencyName":"Won","Phone":"850","Postal_Code_Format":"###-###","Postal_Code_Regex":"^(\\d{6})$","Languages":"ko-KP","geonameid":"1873107","neighbours":"CN,KR,RU","EquivalentFipsCode":""}
,
{"ISO":"KR","ISO3":"KOR","ISO_Numeric":"410","fips":"KS","country":"South Korea","capital":"Seoul","area":"98480","Population":"48422644","Continent":"AS","tld":".kr","CurrencyCode":"KRW","CurrencyName":"Won","Phone":"82","Postal_Code_Format":"SEOUL ###-###","Postal_Code_Regex":"^(?:SEOUL)*(\\d{6})$","Languages":"ko-KR,en","geonameid":"1835841","neighbours":"KP","EquivalentFipsCode":""}
,
{"ISO":"XK","ISO3":"XKX","ISO_Numeric":"0","fips":"KV","country":"Kosovo","capital":"Pristina","area":"10908","Population":"1800000","Continent":"EU","tld":"","CurrencyCode":"EUR","CurrencyName":"Euro","Phone":"","Postal_Code_Format":"","Postal_Code_Regex":"","Languages":"sq,sr","geonameid":"831053","neighbours":"RS,AL,MK,ME","EquivalentFipsCode":""}
,
{"ISO":"KW","ISO3":"KWT","ISO_Numeric":"414","fips":"KU","country":"Kuwait","capital":"Kuwait City","area":"17820","Population":"2789132","Continent":"AS","tld":".kw","CurrencyCode":"KWD","CurrencyName":"Dinar","Phone":"965","Postal_Code_Format":"#####","Postal_Code_Regex":"^(\\d{5})$","Languages":"ar-KW,en","geonameid":"285570","neighbours":"SA,IQ","EquivalentFipsCode":""}
,
{"ISO":"KY","ISO3":"CYM","ISO_Numeric":"136","fips":"CJ","country":"Cayman Islands","capital":"George Town","area":"262","Population":"44270","Continent":"NA","tld":".ky","CurrencyCode":"KYD","CurrencyName":"Dollar","Phone":"+1-345","Postal_Code_Format":"","Postal_Code_Regex":"","Languages":"en-KY","geonameid":"3580718","neighbours":"","EquivalentFipsCode":""}
,
{"ISO":"KZ","ISO3":"KAZ","ISO_Numeric":"398","fips":"KZ","country":"Kazakhstan","capital":"Astana","area":"2717300","Population":"15340000","Continent":"AS","tld":".kz","CurrencyCode":"KZT","CurrencyName":"Tenge","Phone":"7","Postal_Code_Format":"######","Postal_Code_Regex":"^(\\d{6})$","Languages":"kk,ru","geonameid":"1522867","neighbours":"TM,CN,KG,UZ,RU","EquivalentFipsCode":""}
,
{"ISO":"LA","ISO3":"LAO","ISO_Numeric":"418","fips":"LA","country":"Laos","capital":"Vientiane","area":"236800","Population":"6368162","Continent":"AS","tld":".la","CurrencyCode":"LAK","CurrencyName":"Kip","Phone":"856","Postal_Code_Format":"#####","Postal_Code_Regex":"^(\\d{5})$","Languages":"lo,fr,en","geonameid":"1655842","neighbours":"CN,MM,KH,TH,VN","EquivalentFipsCode":""}
,
{"ISO":"LB","ISO3":"LBN","ISO_Numeric":"422","fips":"LE","country":"Lebanon","capital":"Beirut","area":"10400","Population":"4125247","Continent":"AS","tld":".lb","CurrencyCode":"LBP","CurrencyName":"Pound","Phone":"961","Postal_Code_Format":"#### ####|####","Postal_Code_Regex":"^(\\d{4}(\\d{4})?)$","Languages":"ar-LB,fr-LB,en,hy","geonameid":"272103","neighbours":"SY,IL","EquivalentFipsCode":""}
,
{"ISO":"LC","ISO3":"LCA","ISO_Numeric":"662","fips":"ST","country":"Saint Lucia","capital":"Castries","area":"616","Population":"160922","Continent":"NA","tld":".lc","CurrencyCode":"XCD","CurrencyName":"Dollar","Phone":"+1-758","Postal_Code_Format":"","Postal_Code_Regex":"","Languages":"en-LC","geonameid":"3576468","neighbours":"","EquivalentFipsCode":""}
,
{"ISO":"LI","ISO3":"LIE","ISO_Numeric":"438","fips":"LS","country":"Liechtenstein","capital":"Vaduz","area":"160","Population":"35000","Continent":"EU","tld":".li","CurrencyCode":"CHF","CurrencyName":"Franc","Phone":"423","Postal_Code_Format":"####","Postal_Code_Regex":"^(\\d{4})$","Languages":"de-LI","geonameid":"3042058","neighbours":"CH,AT","EquivalentFipsCode":""}
,
{"ISO":"LK","ISO3":"LKA","ISO_Numeric":"144","fips":"CE","country":"Sri Lanka","capital":"Colombo","area":"65610","Population":"21513990","Continent":"AS","tld":".lk","CurrencyCode":"LKR","CurrencyName":"Rupee","Phone":"94","Postal_Code_Format":"#####","Postal_Code_Regex":"^(\\d{5})$","Languages":"si,ta,en","geonameid":"1227603","neighbours":"","EquivalentFipsCode":""}
,
{"ISO":"LR","ISO3":"LBR","ISO_Numeric":"430","fips":"LI","country":"Liberia","capital":"Monrovia","area":"111370","Population":"3685076","Continent":"AF","tld":".lr","CurrencyCode":"LRD","CurrencyName":"Dollar","Phone":"231","Postal_Code_Format":"####","Postal_Code_Regex":"^(\\d{4})$","Languages":"en-LR","geonameid":"2275384","neighbours":"SL,CI,GN","EquivalentFipsCode":""}
,
{"ISO":"LS","ISO3":"LSO","ISO_Numeric":"426","fips":"LT","country":"Lesotho","capital":"Maseru","area":"30355","Population":"1919552","Continent":"AF","tld":".ls","CurrencyCode":"LSL","CurrencyName":"Loti","Phone":"266","Postal_Code_Format":"###","Postal_Code_Regex":"^(\\d{3})$","Languages":"en-LS,st,zu,xh","geonameid":"932692","neighbours":"ZA","EquivalentFipsCode":""}
,
{"ISO":"LT","ISO3":"LTU","ISO_Numeric":"440","fips":"LH","country":"Lithuania","capital":"Vilnius","area":"65200","Population":"2944459","Continent":"EU","tld":".lt","CurrencyCode":"EUR","CurrencyName":"Euro","Phone":"370","Postal_Code_Format":"LT-#####","Postal_Code_Regex":"^(?:LT)*(\\d{5})$","Languages":"lt,ru,pl","geonameid":"597427","neighbours":"PL,BY,RU,LV","EquivalentFipsCode":""}
,
{"ISO":"LU","ISO3":"LUX","ISO_Numeric":"442","fips":"LU","country":"Luxembourg","capital":"Luxembourg","area":"2586","Population":"497538","Continent":"EU","tld":".lu","CurrencyCode":"EUR","CurrencyName":"Euro","Phone":"352","Postal_Code_Format":"L-####","Postal_Code_Regex":"^(\\d{4})$","Languages":"lb,de-LU,fr-LU","geonameid":"2960313","neighbours":"DE,BE,FR","EquivalentFipsCode":""}
,
{"ISO":"LV","ISO3":"LVA","ISO_Numeric":"428","fips":"LG","country":"Latvia","capital":"Riga","area":"64589","Population":"2217969","Continent":"EU","tld":".lv","CurrencyCode":"EUR","CurrencyName":"Euro","Phone":"371","Postal_Code_Format":"LV-####","Postal_Code_Regex":"^(?:LV)*(\\d{4})$","Languages":"lv,ru,lt","geonameid":"458258","neighbours":"LT,EE,BY,RU","EquivalentFipsCode":""}
,
{"ISO":"LY","ISO3":"LBY","ISO_Numeric":"434","fips":"LY","country":"Libya","capital":"Tripolis","area":"1759540","Population":"6461454","Continent":"AF","tld":".ly","CurrencyCode":"LYD","CurrencyName":"Dinar","Phone":"218","Postal_Code_Format":"","Postal_Code_Regex":"","Languages":"ar-LY,it,en","geonameid":"2215636","neighbours":"TD,NE,DZ,SD,TN,EG","EquivalentFipsCode":""}
,
{"ISO":"MA","ISO3":"MAR","ISO_Numeric":"504","fips":"MO","country":"Morocco","capital":"Rabat","area":"446550","Population":"31627428","Continent":"AF","tld":".ma","CurrencyCode":"MAD","CurrencyName":"Dirham","Phone":"212","Postal_Code_Format":"#####","Postal_Code_Regex":"^(\\d{5})$","Languages":"ar-MA,fr","geonameid":"2542007","neighbours":"DZ,EH,ES","EquivalentFipsCode":""}
,
{"ISO":"MC","ISO3":"MCO","ISO_Numeric":"492","fips":"MN","country":"Monaco","capital":"Monaco","area":"1.95","Population":"32965","Continent":"EU","tld":".mc","CurrencyCode":"EUR","CurrencyName":"Euro","Phone":"377","Postal_Code_Format":"#####","Postal_Code_Regex":"^(\\d{5})$","Languages":"fr-MC,en,it","geonameid":"2993457","neighbours":"FR","EquivalentFipsCode":""}
,
{"ISO":"MD","ISO3":"MDA","ISO_Numeric":"498","fips":"MD","country":"Moldova","capital":"Chisinau","area":"33843","Population":"4324000","Continent":"EU","tld":".md","CurrencyCode":"MDL","CurrencyName":"Leu","Phone":"373","Postal_Code_Format":"MD-####","Postal_Code_Regex":"^(?:MD)*(\\d{4})$","Languages":"ro,ru,gag,tr","geonameid":"617790","neighbours":"RO,UA","EquivalentFipsCode":""}
,
{"ISO":"ME","ISO3":"MNE","ISO_Numeric":"499","fips":"MJ","country":"Montenegro","capital":"Podgorica","area":"14026","Population":"666730","Continent":"EU","tld":".me","CurrencyCode":"EUR","CurrencyName":"Euro","Phone":"382","Postal_Code_Format":"#####","Postal_Code_Regex":"^(\\d{5})$","Languages":"sr,hu,bs,sq,hr,rom","geonameid":"3194884","neighbours":"AL,HR,BA,RS,XK","EquivalentFipsCode":""}
,
{"ISO":"MF","ISO3":"MAF","ISO_Numeric":"663","fips":"RN","country":"Saint Martin","capital":"Marigot","area":"53","Population":"35925","Continent":"NA","tld":".gp","CurrencyCode":"EUR","CurrencyName":"Euro","Phone":"590","Postal_Code_Format":"### ###","Postal_Code_Regex":"","Languages":"fr","geonameid":"3578421","neighbours":"SX","EquivalentFipsCode":""}
,
{"ISO":"MG","ISO3":"MDG","ISO_Numeric":"450","fips":"MA","country":"Madagascar","capital":"Antananarivo","area":"587040","Population":"21281844","Continent":"AF","tld":".mg","CurrencyCode":"MGA","CurrencyName":"Ariary","Phone":"261","Postal_Code_Format":"###","Postal_Code_Regex":"^(\\d{3})$","Languages":"fr-MG,mg","geonameid":"1062947","neighbours":"","EquivalentFipsCode":""}
,
{"ISO":"MH","ISO3":"MHL","ISO_Numeric":"584","fips":"RM","country":"Marshall Islands","capital":"Majuro","area":"181.3","Population":"65859","Continent":"OC","tld":".mh","CurrencyCode":"USD","CurrencyName":"Dollar","Phone":"692","Postal_Code_Format":"","Postal_Code_Regex":"","Languages":"mh,en-MH","geonameid":"2080185","neighbours":"","EquivalentFipsCode":""}
,
{"ISO":"MK","ISO3":"MKD","ISO_Numeric":"807","fips":"MK","country":"Macedonia","capital":"Skopje","area":"25333","Population":"2062294","Continent":"EU","tld":".mk","CurrencyCode":"MKD","CurrencyName":"Denar","Phone":"389","Postal_Code_Format":"####","Postal_Code_Regex":"^(\\d{4})$","Languages":"mk,sq,tr,rmm,sr","geonameid":"718075","neighbours":"AL,GR,BG,RS,XK","EquivalentFipsCode":""}
,
{"ISO":"ML","ISO3":"MLI","ISO_Numeric":"466","fips":"ML","country":"Mali","capital":"Bamako","area":"1240000","Population":"13796354","Continent":"AF","tld":".ml","CurrencyCode":"XOF","CurrencyName":"Franc","Phone":"223","Postal_Code_Format":"","Postal_Code_Regex":"","Languages":"fr-ML,bm","geonameid":"2453866","neighbours":"SN,NE,DZ,CI,GN,MR,BF","EquivalentFipsCode":""}
,
{"ISO":"MM","ISO3":"MMR","ISO_Numeric":"104","fips":"BM","country":"Myanmar","capital":"Nay Pyi Taw","area":"678500","Population":"53414374","Continent":"AS","tld":".mm","CurrencyCode":"MMK","CurrencyName":"Kyat","Phone":"95","Postal_Code_Format":"#####","Postal_Code_Regex":"^(\\d{5})$","Languages":"my","geonameid":"1327865","neighbours":"CN,LA,TH,BD,IN","EquivalentFipsCode":""}
,
{"ISO":"MN","ISO3":"MNG","ISO_Numeric":"496","fips":"MG","country":"Mongolia","capital":"Ulan Bator","area":"1565000","Population":"3086918","Continent":"AS","tld":".mn","CurrencyCode":"MNT","CurrencyName":"Tugrik","Phone":"976","Postal_Code_Format":"######","Postal_Code_Regex":"^(\\d{6})$","Languages":"mn,ru","geonameid":"2029969","neighbours":"CN,RU","EquivalentFipsCode":""}
,
{"ISO":"MO","ISO3":"MAC","ISO_Numeric":"446","fips":"MC","country":"Macao","capital":"Macao","area":"254","Population":"449198","Continent":"AS","tld":".mo","CurrencyCode":"MOP","CurrencyName":"Pataca","Phone":"853","Postal_Code_Format":"","Postal_Code_Regex":"","Languages":"zh,zh-MO,pt","geonameid":"1821275","neighbours":"","EquivalentFipsCode":""}
,
{"ISO":"MP","ISO3":"MNP","ISO_Numeric":"580","fips":"CQ","country":"Northern Mariana Islands","capital":"Saipan","area":"477","Population":"53883","Continent":"OC","tld":".mp","CurrencyCode":"USD","CurrencyName":"Dollar","Phone":"+1-670","Postal_Code_Format":"","Postal_Code_Regex":"","Languages":"fil,tl,zh,ch-MP,en-MP","geonameid":"4041468","neighbours":"","EquivalentFipsCode":""}
,
{"ISO":"MQ","ISO3":"MTQ","ISO_Numeric":"474","fips":"MB","country":"Martinique","capital":"Fort-de-France","area":"1100","Population":"432900","Continent":"NA","tld":".mq","CurrencyCode":"EUR","CurrencyName":"Euro","Phone":"596","Postal_Code_Format":"#####","Postal_Code_Regex":"^(\\d{5})$","Languages":"fr-MQ","geonameid":"3570311","neighbours":"","EquivalentFipsCode":""}
,
{"ISO":"MR","ISO3":"MRT","ISO_Numeric":"478","fips":"MR","country":"Mauritania","capital":"Nouakchott","area":"1030700","Population":"3205060","Continent":"AF","tld":".mr","CurrencyCode":"MRO","CurrencyName":"Ouguiya","Phone":"222","Postal_Code_Format":"","Postal_Code_Regex":"","Languages":"ar-MR,fuc,snk,fr,mey,wo","geonameid":"2378080","neighbours":"SN,DZ,EH,ML","EquivalentFipsCode":""}
,
{"ISO":"MS","ISO3":"MSR","ISO_Numeric":"500","fips":"MH","country":"Montserrat","capital":"Plymouth","area":"102","Population":"9341","Continent":"NA","tld":".ms","CurrencyCode":"XCD","CurrencyName":"Dollar","Phone":"+1-664","Postal_Code_Format":"","Postal_Code_Regex":"","Languages":"en-MS","geonameid":"3578097","neighbours":"","EquivalentFipsCode":""}
,
{"ISO":"MT","ISO3":"MLT","ISO_Numeric":"470","fips":"MT","country":"Malta","capital":"Valletta","area":"316","Population":"403000","Continent":"EU","tld":".mt","CurrencyCode":"EUR","CurrencyName":"Euro","Phone":"356","Postal_Code_Format":"@@@ ###|@@@ ##","Postal_Code_Regex":"^([A-Z]{3}\\d{2}\\d?)$","Languages":"mt,en-MT","geonameid":"2562770","neighbours":"","EquivalentFipsCode":""}
,
{"ISO":"MU","ISO3":"MUS","ISO_Numeric":"480","fips":"MP","country":"Mauritius","capital":"Port Louis","area":"2040","Population":"1294104","Continent":"AF","tld":".mu","CurrencyCode":"MUR","CurrencyName":"Rupee","Phone":"230","Postal_Code_Format":"","Postal_Code_Regex":"","Languages":"en-MU,bho,fr","geonameid":"934292","neighbours":"","EquivalentFipsCode":""}
,
{"ISO":"MV","ISO3":"MDV","ISO_Numeric":"462","fips":"MV","country":"Maldives","capital":"Male","area":"300","Population":"395650","Continent":"AS","tld":".mv","CurrencyCode":"MVR","CurrencyName":"Rufiyaa","Phone":"960","Postal_Code_Format":"#####","Postal_Code_Regex":"^(\\d{5})$","Languages":"dv,en","geonameid":"1282028","neighbours":"","EquivalentFipsCode":""}
,
{"ISO":"MW","ISO3":"MWI","ISO_Numeric":"454","fips":"MI","country":"Malawi","capital":"Lilongwe","area":"118480","Population":"15447500","Continent":"AF","tld":".mw","CurrencyCode":"MWK","CurrencyName":"Kwacha","Phone":"265","Postal_Code_Format":"","Postal_Code_Regex":"","Languages":"ny,yao,tum,swk","geonameid":"927384","neighbours":"TZ,MZ,ZM","EquivalentFipsCode":""}
,
{"ISO":"MX","ISO3":"MEX","ISO_Numeric":"484","fips":"MX","country":"Mexico","capital":"Mexico City","area":"1972550","Population":"112468855","Continent":"NA","tld":".mx","CurrencyCode":"MXN","CurrencyName":"Peso","Phone":"52","Postal_Code_Format":"#####","Postal_Code_Regex":"^(\\d{5})$","Languages":"es-MX","geonameid":"3996063","neighbours":"GT,US,BZ","EquivalentFipsCode":""}
,
{"ISO":"MY","ISO3":"MYS","ISO_Numeric":"458","fips":"MY","country":"Malaysia","capital":"Kuala Lumpur","area":"329750","Population":"28274729","Continent":"AS","tld":".my","CurrencyCode":"MYR","CurrencyName":"Ringgit","Phone":"60","Postal_Code_Format":"#####","Postal_Code_Regex":"^(\\d{5})$","Languages":"ms-MY,en,zh,ta,te,ml,pa,th","geonameid":"1733045","neighbours":"BN,TH,ID","EquivalentFipsCode":""}
,
{"ISO":"MZ","ISO3":"MOZ","ISO_Numeric":"508","fips":"MZ","country":"Mozambique","capital":"Maputo","area":"801590","Population":"22061451","Continent":"AF","tld":".mz","CurrencyCode":"MZN","CurrencyName":"Metical","Phone":"258","Postal_Code_Format":"####","Postal_Code_Regex":"^(\\d{4})$","Languages":"pt-MZ,vmw","geonameid":"1036973","neighbours":"ZW,TZ,SZ,ZA,ZM,MW","EquivalentFipsCode":""}
,
{"ISO":"NA","ISO3":"NAM","ISO_Numeric":"516","fips":"WA","country":"Namibia","capital":"Windhoek","area":"825418","Population":"2128471","Continent":"AF","tld":".na","CurrencyCode":"NAD","CurrencyName":"Dollar","Phone":"264","Postal_Code_Format":"","Postal_Code_Regex":"","Languages":"en-NA,af,de,hz,naq","geonameid":"3355338","neighbours":"ZA,BW,ZM,AO","EquivalentFipsCode":""}
,
{"ISO":"NC","ISO3":"NCL","ISO_Numeric":"540","fips":"NC","country":"New Caledonia","capital":"Noumea","area":"19060","Population":"216494","Continent":"OC","tld":".nc","CurrencyCode":"XPF","CurrencyName":"Franc","Phone":"687","Postal_Code_Format":"#####","Postal_Code_Regex":"^(\\d{5})$","Languages":"fr-NC","geonameid":"2139685","neighbours":"","EquivalentFipsCode":""}
,
{"ISO":"NE","ISO3":"NER","ISO_Numeric":"562","fips":"NG","country":"Niger","capital":"Niamey","area":"1267000","Population":"15878271","Continent":"AF","tld":".ne","CurrencyCode":"XOF","CurrencyName":"Franc","Phone":"227","Postal_Code_Format":"####","Postal_Code_Regex":"^(\\d{4})$","Languages":"fr-NE,ha,kr,dje","geonameid":"2440476","neighbours":"TD,BJ,DZ,LY,BF,NG,ML","EquivalentFipsCode":""}
,
{"ISO":"NF","ISO3":"NFK","ISO_Numeric":"574","fips":"NF","country":"Norfolk Island","capital":"Kingston","area":"34.6","Population":"1828","Continent":"OC","tld":".nf","CurrencyCode":"AUD","CurrencyName":"Dollar","Phone":"672","Postal_Code_Format":"####","Postal_Code_Regex":"^(\\d{4})$","Languages":"en-NF","geonameid":"2155115","neighbours":"","EquivalentFipsCode":""}
,
{"ISO":"NG","ISO3":"NGA","ISO_Numeric":"566","fips":"NI","country":"Nigeria","capital":"Abuja","area":"923768","Population":"154000000","Continent":"AF","tld":".ng","CurrencyCode":"NGN","CurrencyName":"Naira","Phone":"234","Postal_Code_Format":"######","Postal_Code_Regex":"^(\\d{6})$","Languages":"en-NG,ha,yo,ig,ff","geonameid":"2328926","neighbours":"TD,NE,BJ,CM","EquivalentFipsCode":""}
,
{"ISO":"NI","ISO3":"NIC","ISO_Numeric":"558","fips":"NU","country":"Nicaragua","capital":"Managua","area":"129494","Population":"5995928","Continent":"NA","tld":".ni","CurrencyCode":"NIO","CurrencyName":"Cordoba","Phone":"505","Postal_Code_Format":"###-###-#","Postal_Code_Regex":"^(\\d{7})$","Languages":"es-NI,en","geonameid":"3617476","neighbours":"CR,HN","EquivalentFipsCode":""}
,
{"ISO":"NL","ISO3":"NLD","ISO_Numeric":"528","fips":"NL","country":"Netherlands","capital":"Amsterdam","area":"41526","Population":"16645000","Continent":"EU","tld":".nl","CurrencyCode":"EUR","CurrencyName":"Euro","Phone":"31","Postal_Code_Format":"#### @@","Postal_Code_Regex":"^(\\d{4}[A-Z]{2})$","Languages":"nl-NL,fy-NL","geonameid":"2750405","neighbours":"DE,BE","EquivalentFipsCode":""}
,
{"ISO":"NO","ISO3":"NOR","ISO_Numeric":"578","fips":"NO","country":"Norway","capital":"Oslo","area":"324220","Population":"5009150","Continent":"EU","tld":".no","CurrencyCode":"NOK","CurrencyName":"Krone","Phone":"47","Postal_Code_Format":"####","Postal_Code_Regex":"^(\\d{4})$","Languages":"no,nb,nn,se,fi","geonameid":"3144096","neighbours":"FI,RU,SE","EquivalentFipsCode":""}
,
{"ISO":"NP","ISO3":"NPL","ISO_Numeric":"524","fips":"NP","country":"Nepal","capital":"Kathmandu","area":"140800","Population":"28951852","Continent":"AS","tld":".np","CurrencyCode":"NPR","CurrencyName":"Rupee","Phone":"977","Postal_Code_Format":"#####","Postal_Code_Regex":"^(\\d{5})$","Languages":"ne,en","geonameid":"1282988","neighbours":"CN,IN","EquivalentFipsCode":""}
,
{"ISO":"NR","ISO3":"NRU","ISO_Numeric":"520","fips":"NR","country":"Nauru","capital":"Yaren","area":"21","Population":"10065","Continent":"OC","tld":".nr","CurrencyCode":"AUD","CurrencyName":"Dollar","Phone":"674","Postal_Code_Format":"","Postal_Code_Regex":"","Languages":"na,en-NR","geonameid":"2110425","neighbours":"","EquivalentFipsCode":""}
,
{"ISO":"NU","ISO3":"NIU","ISO_Numeric":"570","fips":"NE","country":"Niue","capital":"Alofi","area":"260","Population":"2166","Continent":"OC","tld":".nu","CurrencyCode":"NZD","CurrencyName":"Dollar","Phone":"683","Postal_Code_Format":"","Postal_Code_Regex":"","Languages":"niu,en-NU","geonameid":"4036232","neighbours":"","EquivalentFipsCode":""}
,
{"ISO":"NZ","ISO3":"NZL","ISO_Numeric":"554","fips":"NZ","country":"New Zealand","capital":"Wellington","area":"268680","Population":"4252277","Continent":"OC","tld":".nz","CurrencyCode":"NZD","CurrencyName":"Dollar","Phone":"64","Postal_Code_Format":"####","Postal_Code_Regex":"^(\\d{4})$","Languages":"en-NZ,mi","geonameid":"2186224","neighbours":"","EquivalentFipsCode":""}
,
{"ISO":"OM","ISO3":"OMN","ISO_Numeric":"512","fips":"MU","country":"Oman","capital":"Muscat","area":"212460","Population":"2967717","Continent":"AS","tld":".om","CurrencyCode":"OMR","CurrencyName":"Rial","Phone":"968","Postal_Code_Format":"###","Postal_Code_Regex":"^(\\d{3})$","Languages":"ar-OM,en,bal,ur","geonameid":"286963","neighbours":"SA,YE,AE","EquivalentFipsCode":""}
,
{"ISO":"PA","ISO3":"PAN","ISO_Numeric":"591","fips":"PM","country":"Panama","capital":"Panama City","area":"78200","Population":"3410676","Continent":"NA","tld":".pa","CurrencyCode":"PAB","CurrencyName":"Balboa","Phone":"507","Postal_Code_Format":"","Postal_Code_Regex":"","Languages":"es-PA,en","geonameid":"3703430","neighbours":"CR,CO","EquivalentFipsCode":""}
,
{"ISO":"PE","ISO3":"PER","ISO_Numeric":"604","fips":"PE","country":"Peru","capital":"Lima","area":"1285220","Population":"29907003","Continent":"SA","tld":".pe","CurrencyCode":"PEN","CurrencyName":"Sol","Phone":"51","Postal_Code_Format":"","Postal_Code_Regex":"","Languages":"es-PE,qu,ay","geonameid":"3932488","neighbours":"EC,CL,BO,BR,CO","EquivalentFipsCode":""}
,
{"ISO":"PF","ISO3":"PYF","ISO_Numeric":"258","fips":"FP","country":"French Polynesia","capital":"Papeete","area":"4167","Population":"270485","Continent":"OC","tld":".pf","CurrencyCode":"XPF","CurrencyName":"Franc","Phone":"689","Postal_Code_Format":"#####","Postal_Code_Regex":"^((97|98)7\\d{2})$","Languages":"fr-PF,ty","geonameid":"4030656","neighbours":"","EquivalentFipsCode":""}
,
{"ISO":"PG","ISO3":"PNG","ISO_Numeric":"598","fips":"PP","country":"Papua New Guinea","capital":"Port Moresby","area":"462840","Population":"6064515","Continent":"OC","tld":".pg","CurrencyCode":"PGK","CurrencyName":"Kina","Phone":"675","Postal_Code_Format":"###","Postal_Code_Regex":"^(\\d{3})$","Languages":"en-PG,ho,meu,tpi","geonameid":"2088628","neighbours":"ID","EquivalentFipsCode":""}
,
{"ISO":"PH","ISO3":"PHL","ISO_Numeric":"608","fips":"RP","country":"Philippines","capital":"Manila","area":"300000","Population":"99900177","Continent":"AS","tld":".ph","CurrencyCode":"PHP","CurrencyName":"Peso","Phone":"63","Postal_Code_Format":"####","Postal_Code_Regex":"^(\\d{4})$","Languages":"tl,en-PH,fil","geonameid":"1694008","neighbours":"","EquivalentFipsCode":""}
,
{"ISO":"PK","ISO3":"PAK","ISO_Numeric":"586","fips":"PK","country":"Pakistan","capital":"Islamabad","area":"803940","Population":"184404791","Continent":"AS","tld":".pk","CurrencyCode":"PKR","CurrencyName":"Rupee","Phone":"92","Postal_Code_Format":"#####","Postal_Code_Regex":"^(\\d{5})$","Languages":"ur-PK,en-PK,pa,sd,ps,brh","geonameid":"1168579","neighbours":"CN,AF,IR,IN","EquivalentFipsCode":""}
,
{"ISO":"PL","ISO3":"POL","ISO_Numeric":"616","fips":"PL","country":"Poland","capital":"Warsaw","area":"312685","Population":"38500000","Continent":"EU","tld":".pl","CurrencyCode":"PLN","CurrencyName":"Zloty","Phone":"48","Postal_Code_Format":"##-###","Postal_Code_Regex":"^(\\d{5})$","Languages":"pl","geonameid":"798544","neighbours":"DE,LT,SK,CZ,BY,UA,RU","EquivalentFipsCode":""}
,
{"ISO":"PM","ISO3":"SPM","ISO_Numeric":"666","fips":"SB","country":"Saint Pierre and Miquelon","capital":"Saint-Pierre","area":"242","Population":"7012","Continent":"NA","tld":".pm","CurrencyCode":"EUR","CurrencyName":"Euro","Phone":"508","Postal_Code_Format":"#####","Postal_Code_Regex":"^(97500)$","Languages":"fr-PM","geonameid":"3424932","neighbours":"","EquivalentFipsCode":""}
,
{"ISO":"PN","ISO3":"PCN","ISO_Numeric":"612","fips":"PC","country":"Pitcairn","capital":"Adamstown","area":"47","Population":"46","Continent":"OC","tld":".pn","CurrencyCode":"NZD","CurrencyName":"Dollar","Phone":"870","Postal_Code_Format":"","Postal_Code_Regex":"","Languages":"en-PN","geonameid":"4030699","neighbours":"","EquivalentFipsCode":""}
,
{"ISO":"PR","ISO3":"PRI","ISO_Numeric":"630","fips":"RQ","country":"Puerto Rico","capital":"San Juan","area":"9104","Population":"3916632","Continent":"NA","tld":".pr","CurrencyCode":"USD","CurrencyName":"Dollar","Phone":"+1-787 and 1-939","Postal_Code_Format":"#####-####","Postal_Code_Regex":"^(\\d{9})$","Languages":"en-PR,es-PR","geonameid":"4566966","neighbours":"","EquivalentFipsCode":""}
,
{"ISO":"PS","ISO3":"PSE","ISO_Numeric":"275","fips":"WE","country":"Palestinian Territory","capital":"East Jerusalem","area":"5970","Population":"3800000","Continent":"AS","tld":".ps","CurrencyCode":"ILS","CurrencyName":"Shekel","Phone":"970","Postal_Code_Format":"","Postal_Code_Regex":"","Languages":"ar-PS","geonameid":"6254930","neighbours":"JO,IL,EG","EquivalentFipsCode":""}
,
{"ISO":"PT","ISO3":"PRT","ISO_Numeric":"620","fips":"PO","country":"Portugal","capital":"Lisbon","area":"92391","Population":"10676000","Continent":"EU","tld":".pt","CurrencyCode":"EUR","CurrencyName":"Euro","Phone":"351","Postal_Code_Format":"####-###","Postal_Code_Regex":"^(\\d{7})$","Languages":"pt-PT,mwl","geonameid":"2264397","neighbours":"ES","EquivalentFipsCode":""}
,
{"ISO":"PW","ISO3":"PLW","ISO_Numeric":"585","fips":"PS","country":"Palau","capital":"Melekeok","area":"458","Population":"19907","Continent":"OC","tld":".pw","CurrencyCode":"USD","CurrencyName":"Dollar","Phone":"680","Postal_Code_Format":"96940","Postal_Code_Regex":"^(96940)$","Languages":"pau,sov,en-PW,tox,ja,fil,zh","geonameid":"1559582","neighbours":"","EquivalentFipsCode":""}
,
{"ISO":"PY","ISO3":"PRY","ISO_Numeric":"600","fips":"PA","country":"Paraguay","capital":"Asuncion","area":"406750","Population":"6375830","Continent":"SA","tld":".py","CurrencyCode":"PYG","CurrencyName":"Guarani","Phone":"595","Postal_Code_Format":"####","Postal_Code_Regex":"^(\\d{4})$","Languages":"es-PY,gn","geonameid":"3437598","neighbours":"BO,BR,AR","EquivalentFipsCode":""}
,
{"ISO":"QA","ISO3":"QAT","ISO_Numeric":"634","fips":"QA","country":"Qatar","capital":"Doha","area":"11437","Population":"840926","Continent":"AS","tld":".qa","CurrencyCode":"QAR","CurrencyName":"Rial","Phone":"974","Postal_Code_Format":"","Postal_Code_Regex":"","Languages":"ar-QA,es","geonameid":"289688","neighbours":"SA","EquivalentFipsCode":""}
,
{"ISO":"RE","ISO3":"REU","ISO_Numeric":"638","fips":"RE","country":"Reunion","capital":"Saint-Denis","area":"2517","Population":"776948","Continent":"AF","tld":".re","CurrencyCode":"EUR","CurrencyName":"Euro","Phone":"262","Postal_Code_Format":"#####","Postal_Code_Regex":"^((97|98)(4|7|8)\\d{2})$","Languages":"fr-RE","geonameid":"935317","neighbours":"","EquivalentFipsCode":""}
,
{"ISO":"RO","ISO3":"ROU","ISO_Numeric":"642","fips":"RO","country":"Romania","capital":"Bucharest","area":"237500","Population":"21959278","Continent":"EU","tld":".ro","CurrencyCode":"RON","CurrencyName":"Leu","Phone":"40","Postal_Code_Format":"######","Postal_Code_Regex":"^(\\d{6})$","Languages":"ro,hu,rom","geonameid":"798549","neighbours":"MD,HU,UA,BG,RS","EquivalentFipsCode":""}
,
{"ISO":"RS","ISO3":"SRB","ISO_Numeric":"688","fips":"RI","country":"Serbia","capital":"Belgrade","area":"88361","Population":"7344847","Continent":"EU","tld":".rs","CurrencyCode":"RSD","CurrencyName":"Dinar","Phone":"381","Postal_Code_Format":"######","Postal_Code_Regex":"^(\\d{6})$","Languages":"sr,hu,bs,rom","geonameid":"6290252","neighbours":"AL,HU,MK,RO,HR,BA,BG,ME,XK","EquivalentFipsCode":""}
,
{"ISO":"RU","ISO3":"RUS","ISO_Numeric":"643","fips":"RS","country":"Russia","capital":"Moscow","area":"17100000","Population":"140702000","Continent":"EU","tld":".ru","CurrencyCode":"RUB","CurrencyName":"Ruble","Phone":"7","Postal_Code_Format":"######","Postal_Code_Regex":"^(\\d{6})$","Languages":"ru,tt,xal,cau,ady,kv,ce,tyv,cv,udm,tut,mns,bua,myv,mdf,chm,ba,inh,tut,kbd,krc,ava,sah,nog","geonameid":"2017370","neighbours":"GE,CN,BY,UA,KZ,LV,PL,EE,LT,FI,MN,NO,AZ,KP","EquivalentFipsCode":""}
,
{"ISO":"RW","ISO3":"RWA","ISO_Numeric":"646","fips":"RW","country":"Rwanda","capital":"Kigali","area":"26338","Population":"11055976","Continent":"AF","tld":".rw","CurrencyCode":"RWF","CurrencyName":"Franc","Phone":"250","Postal_Code_Format":"","Postal_Code_Regex":"","Languages":"rw,en-RW,fr-RW,sw","geonameid":"49518","neighbours":"TZ,CD,BI,UG","EquivalentFipsCode":""}
,
{"ISO":"SA","ISO3":"SAU","ISO_Numeric":"682","fips":"SA","country":"Saudi Arabia","capital":"Riyadh","area":"1960582","Population":"25731776","Continent":"AS","tld":".sa","CurrencyCode":"SAR","CurrencyName":"Rial","Phone":"966","Postal_Code_Format":"#####","Postal_Code_Regex":"^(\\d{5})$","Languages":"ar-SA","geonameid":"102358","neighbours":"QA,OM,IQ,YE,JO,AE,KW","EquivalentFipsCode":""}
,
{"ISO":"SB","ISO3":"SLB","ISO_Numeric":"090","fips":"BP","country":"Solomon Islands","capital":"Honiara","area":"28450","Population":"559198","Continent":"OC","tld":".sb","CurrencyCode":"SBD","CurrencyName":"Dollar","Phone":"677","Postal_Code_Format":"","Postal_Code_Regex":"","Languages":"en-SB,tpi","geonameid":"2103350","neighbours":"","EquivalentFipsCode":""}
,
{"ISO":"SC","ISO3":"SYC","ISO_Numeric":"690","fips":"SE","country":"Seychelles","capital":"Victoria","area":"455","Population":"88340","Continent":"AF","tld":".sc","CurrencyCode":"SCR","CurrencyName":"Rupee","Phone":"248","Postal_Code_Format":"","Postal_Code_Regex":"","Languages":"en-SC,fr-SC","geonameid":"241170","neighbours":"","EquivalentFipsCode":""}
,
{"ISO":"SD","ISO3":"SDN","ISO_Numeric":"729","fips":"SU","country":"Sudan","capital":"Khartoum","area":"1861484","Population":"35000000","Continent":"AF","tld":".sd","CurrencyCode":"SDG","CurrencyName":"Pound","Phone":"249","Postal_Code_Format":"#####","Postal_Code_Regex":"^(\\d{5})$","Languages":"ar-SD,en,fia","geonameid":"366755","neighbours":"SS,TD,EG,ET,ER,LY,CF","EquivalentFipsCode":""}
,
{"ISO":"SS","ISO3":"SSD","ISO_Numeric":"728","fips":"OD","country":"South Sudan","capital":"Juba","area":"644329","Population":"8260490","Continent":"AF","tld":"","CurrencyCode":"SSP","CurrencyName":"Pound","Phone":"211","Postal_Code_Format":"","Postal_Code_Regex":"","Languages":"en","geonameid":"7909807","neighbours":"CD,CF,ET,KE,SD,UG,","EquivalentFipsCode":""}
,
{"ISO":"SE","ISO3":"SWE","ISO_Numeric":"752","fips":"SW","country":"Sweden","capital":"Stockholm","area":"449964","Population":"9555893","Continent":"EU","tld":".se","CurrencyCode":"SEK","CurrencyName":"Krona","Phone":"46","Postal_Code_Format":"### ##","Postal_Code_Regex":"^(?:SE)*(\\d{5})$","Languages":"sv-SE,se,sma,fi-SE","geonameid":"2661886","neighbours":"NO,FI","EquivalentFipsCode":""}
,
{"ISO":"SG","ISO3":"SGP","ISO_Numeric":"702","fips":"SN","country":"Singapore","capital":"Singapur","area":"692.7","Population":"4701069","Continent":"AS","tld":".sg","CurrencyCode":"SGD","CurrencyName":"Dollar","Phone":"65","Postal_Code_Format":"######","Postal_Code_Regex":"^(\\d{6})$","Languages":"cmn,en-SG,ms-SG,ta-SG,zh-SG","geonameid":"1880251","neighbours":"","EquivalentFipsCode":""}
,
{"ISO":"SH","ISO3":"SHN","ISO_Numeric":"654","fips":"SH","country":"Saint Helena","capital":"Jamestown","area":"410","Population":"7460","Continent":"AF","tld":".sh","CurrencyCode":"SHP","CurrencyName":"Pound","Phone":"290","Postal_Code_Format":"STHL 1ZZ","Postal_Code_Regex":"^(STHL1ZZ)$","Languages":"en-SH","geonameid":"3370751","neighbours":"","EquivalentFipsCode":""}
,
{"ISO":"SI","ISO3":"SVN","ISO_Numeric":"705","fips":"SI","country":"Slovenia","capital":"Ljubljana","area":"20273","Population":"2007000","Continent":"EU","tld":".si","CurrencyCode":"EUR","CurrencyName":"Euro","Phone":"386","Postal_Code_Format":"####","Postal_Code_Regex":"^(?:SI)*(\\d{4})$","Languages":"sl,sh","geonameid":"3190538","neighbours":"HU,IT,HR,AT","EquivalentFipsCode":""}
,
{"ISO":"SJ","ISO3":"SJM","ISO_Numeric":"744","fips":"SV","country":"Svalbard and Jan Mayen","capital":"Longyearbyen","area":"62049","Population":"2550","Continent":"EU","tld":".sj","CurrencyCode":"NOK","CurrencyName":"Krone","Phone":"47","Postal_Code_Format":"","Postal_Code_Regex":"","Languages":"no,ru","geonameid":"607072","neighbours":"","EquivalentFipsCode":""}
,
{"ISO":"SK","ISO3":"SVK","ISO_Numeric":"703","fips":"LO","country":"Slovakia","capital":"Bratislava","area":"48845","Population":"5455000","Continent":"EU","tld":".sk","CurrencyCode":"EUR","CurrencyName":"Euro","Phone":"421","Postal_Code_Format":"### ##","Postal_Code_Regex":"^(\\d{5})$","Languages":"sk,hu","geonameid":"3057568","neighbours":"PL,HU,CZ,UA,AT","EquivalentFipsCode":""}
,
{"ISO":"SL","ISO3":"SLE","ISO_Numeric":"694","fips":"SL","country":"Sierra Leone","capital":"Freetown","area":"71740","Population":"5245695","Continent":"AF","tld":".sl","CurrencyCode":"SLL","CurrencyName":"Leone","Phone":"232","Postal_Code_Format":"","Postal_Code_Regex":"","Languages":"en-SL,men,tem","geonameid":"2403846","neighbours":"LR,GN","EquivalentFipsCode":""}
,
{"ISO":"SM","ISO3":"SMR","ISO_Numeric":"674","fips":"SM","country":"San Marino","capital":"San Marino","area":"61.2","Population":"31477","Continent":"EU","tld":".sm","CurrencyCode":"EUR","CurrencyName":"Euro","Phone":"378","Postal_Code_Format":"4789#","Postal_Code_Regex":"^(4789\\d)$","Languages":"it-SM","geonameid":"3168068","neighbours":"IT","EquivalentFipsCode":""}
,
{"ISO":"SN","ISO3":"SEN","ISO_Numeric":"686","fips":"SG","country":"Senegal","capital":"Dakar","area":"196190","Population":"12323252","Continent":"AF","tld":".sn","CurrencyCode":"XOF","CurrencyName":"Franc","Phone":"221","Postal_Code_Format":"#####","Postal_Code_Regex":"^(\\d{5})$","Languages":"fr-SN,wo,fuc,mnk","geonameid":"2245662","neighbours":"GN,MR,GW,GM,ML","EquivalentFipsCode":""}
,
{"ISO":"SO","ISO3":"SOM","ISO_Numeric":"706","fips":"SO","country":"Somalia","capital":"Mogadishu","area":"637657","Population":"10112453","Continent":"AF","tld":".so","CurrencyCode":"SOS","CurrencyName":"Shilling","Phone":"252","Postal_Code_Format":"@@  #####","Postal_Code_Regex":"^([A-Z]{2}\\d{5})$","Languages":"so-SO,ar-SO,it,en-SO","geonameid":"51537","neighbours":"ET,KE,DJ","EquivalentFipsCode":""}
,
{"ISO":"SR","ISO3":"SUR","ISO_Numeric":"740","fips":"NS","country":"Suriname","capital":"Paramaribo","area":"163270","Population":"492829","Continent":"SA","tld":".sr","CurrencyCode":"SRD","CurrencyName":"Dollar","Phone":"597","Postal_Code_Format":"","Postal_Code_Regex":"","Languages":"nl-SR,en,srn,hns,jv","geonameid":"3382998","neighbours":"GY,BR,GF","EquivalentFipsCode":""}
,
{"ISO":"ST","ISO3":"STP","ISO_Numeric":"678","fips":"TP","country":"Sao Tome and Principe","capital":"Sao Tome","area":"1001","Population":"175808","Continent":"AF","tld":".st","CurrencyCode":"STD","CurrencyName":"Dobra","Phone":"239","Postal_Code_Format":"","Postal_Code_Regex":"","Languages":"pt-ST","geonameid":"2410758","neighbours":"","EquivalentFipsCode":""}
,
{"ISO":"SV","ISO3":"SLV","ISO_Numeric":"222","fips":"ES","country":"El Salvador","capital":"San Salvador","area":"21040","Population":"6052064","Continent":"NA","tld":".sv","CurrencyCode":"USD","CurrencyName":"Dollar","Phone":"503","Postal_Code_Format":"CP ####","Postal_Code_Regex":"^(?:CP)*(\\d{4})$","Languages":"es-SV","geonameid":"3585968","neighbours":"GT,HN","EquivalentFipsCode":""}
,
{"ISO":"SX","ISO3":"SXM","ISO_Numeric":"534","fips":"NN","country":"Sint Maarten","capital":"Philipsburg","area":"21","Population":"37429","Continent":"NA","tld":".sx","CurrencyCode":"ANG","CurrencyName":"Guilder","Phone":"599","Postal_Code_Format":"","Postal_Code_Regex":"","Languages":"nl,en","geonameid":"7609695","neighbours":"MF","EquivalentFipsCode":""}
,
{"ISO":"SY","ISO3":"SYR","ISO_Numeric":"760","fips":"SY","country":"Syria","capital":"Damascus","area":"185180","Population":"22198110","Continent":"AS","tld":".sy","CurrencyCode":"SYP","CurrencyName":"Pound","Phone":"963","Postal_Code_Format":"","Postal_Code_Regex":"","Languages":"ar-SY,ku,hy,arc,fr,en","geonameid":"163843","neighbours":"IQ,JO,IL,TR,LB","EquivalentFipsCode":""}
,
{"ISO":"SZ","ISO3":"SWZ","ISO_Numeric":"748","fips":"WZ","country":"Swaziland","capital":"Mbabane","area":"17363","Population":"1354051","Continent":"AF","tld":".sz","CurrencyCode":"SZL","CurrencyName":"Lilangeni","Phone":"268","Postal_Code_Format":"@###","Postal_Code_Regex":"^([A-Z]\\d{3})$","Languages":"en-SZ,ss-SZ","geonameid":"934841","neighbours":"ZA,MZ","EquivalentFipsCode":""}
,
{"ISO":"TC","ISO3":"TCA","ISO_Numeric":"796","fips":"TK","country":"Turks and Caicos Islands","capital":"Cockburn Town","area":"430","Population":"20556","Continent":"NA","tld":".tc","CurrencyCode":"USD","CurrencyName":"Dollar","Phone":"+1-649","Postal_Code_Format":"TKCA 1ZZ","Postal_Code_Regex":"^(TKCA 1ZZ)$","Languages":"en-TC","geonameid":"3576916","neighbours":"","EquivalentFipsCode":""}
,
{"ISO":"TD","ISO3":"TCD","ISO_Numeric":"148","fips":"CD","country":"Chad","capital":"N'Djamena","area":"1284000","Population":"10543464","Continent":"AF","tld":".td","CurrencyCode":"XAF","CurrencyName":"Franc","Phone":"235","Postal_Code_Format":"","Postal_Code_Regex":"","Languages":"fr-TD,ar-TD,sre","geonameid":"2434508","neighbours":"NE,LY,CF,SD,CM,NG","EquivalentFipsCode":""}
,
{"ISO":"TF","ISO3":"ATF","ISO_Numeric":"260","fips":"FS","country":"French Southern Territories","capital":"Port-aux-Francais","area":"7829","Population":"140","Continent":"AN","tld":".tf","CurrencyCode":"EUR","CurrencyName":"Euro  ","Phone":"","Postal_Code_Format":"","Postal_Code_Regex":"","Languages":"fr","geonameid":"1546748","neighbours":"","EquivalentFipsCode":""}
,
{"ISO":"TG","ISO3":"TGO","ISO_Numeric":"768","fips":"TO","country":"Togo","capital":"Lome","area":"56785","Population":"6587239","Continent":"AF","tld":".tg","CurrencyCode":"XOF","CurrencyName":"Franc","Phone":"228","Postal_Code_Format":"","Postal_Code_Regex":"","Languages":"fr-TG,ee,hna,kbp,dag,ha","geonameid":"2363686","neighbours":"BJ,GH,BF","EquivalentFipsCode":""}
,
{"ISO":"TH","ISO3":"THA","ISO_Numeric":"764","fips":"TH","country":"Thailand","capital":"Bangkok","area":"514000","Population":"67089500","Continent":"AS","tld":".th","CurrencyCode":"THB","CurrencyName":"Baht","Phone":"66","Postal_Code_Format":"#####","Postal_Code_Regex":"^(\\d{5})$","Languages":"th,en","geonameid":"1605651","neighbours":"LA,MM,KH,MY","EquivalentFipsCode":""}
,
{"ISO":"TJ","ISO3":"TJK","ISO_Numeric":"762","fips":"TI","country":"Tajikistan","capital":"Dushanbe","area":"143100","Population":"7487489","Continent":"AS","tld":".tj","CurrencyCode":"TJS","CurrencyName":"Somoni","Phone":"992","Postal_Code_Format":"######","Postal_Code_Regex":"^(\\d{6})$","Languages":"tg,ru","geonameid":"1220409","neighbours":"CN,AF,KG,UZ","EquivalentFipsCode":""}
,
{"ISO":"TK","ISO3":"TKL","ISO_Numeric":"772","fips":"TL","country":"Tokelau","capital":"","area":"10","Population":"1466","Continent":"OC","tld":".tk","CurrencyCode":"NZD","CurrencyName":"Dollar","Phone":"690","Postal_Code_Format":"","Postal_Code_Regex":"","Languages":"tkl,en-TK","geonameid":"4031074","neighbours":"","EquivalentFipsCode":""}
,
{"ISO":"TL","ISO3":"TLS","ISO_Numeric":"626","fips":"TT","country":"East Timor","capital":"Dili","area":"15007","Population":"1154625","Continent":"OC","tld":".tl","CurrencyCode":"USD","CurrencyName":"Dollar","Phone":"670","Postal_Code_Format":"","Postal_Code_Regex":"","Languages":"tet,pt-TL,id,en","geonameid":"1966436","neighbours":"ID","EquivalentFipsCode":""}
,
{"ISO":"TM","ISO3":"TKM","ISO_Numeric":"795","fips":"TX","country":"Turkmenistan","capital":"Ashgabat","area":"488100","Population":"4940916","Continent":"AS","tld":".tm","CurrencyCode":"TMT","CurrencyName":"Manat","Phone":"993","Postal_Code_Format":"######","Postal_Code_Regex":"^(\\d{6})$","Languages":"tk,ru,uz","geonameid":"1218197","neighbours":"AF,IR,UZ,KZ","EquivalentFipsCode":""}
,
{"ISO":"TN","ISO3":"TUN","ISO_Numeric":"788","fips":"TS","country":"Tunisia","capital":"Tunis","area":"163610","Population":"10589025","Continent":"AF","tld":".tn","CurrencyCode":"TND","CurrencyName":"Dinar","Phone":"216","Postal_Code_Format":"####","Postal_Code_Regex":"^(\\d{4})$","Languages":"ar-TN,fr","geonameid":"2464461","neighbours":"DZ,LY","EquivalentFipsCode":""}
,
{"ISO":"TO","ISO3":"TON","ISO_Numeric":"776","fips":"TN","country":"Tonga","capital":"Nuku'alofa","area":"748","Population":"122580","Continent":"OC","tld":".to","CurrencyCode":"TOP","CurrencyName":"Pa'anga","Phone":"676","Postal_Code_Format":"","Postal_Code_Regex":"","Languages":"to,en-TO","geonameid":"4032283","neighbours":"","EquivalentFipsCode":""}
,
{"ISO":"TR","ISO3":"TUR","ISO_Numeric":"792","fips":"TU","country":"Turkey","capital":"Ankara","area":"780580","Population":"77804122","Continent":"AS","tld":".tr","CurrencyCode":"TRY","CurrencyName":"Lira","Phone":"90","Postal_Code_Format":"#####","Postal_Code_Regex":"^(\\d{5})$","Languages":"tr-TR,ku,diq,az,av","geonameid":"298795","neighbours":"SY,GE,IQ,IR,GR,AM,AZ,BG","EquivalentFipsCode":""}
,
{"ISO":"TT","ISO3":"TTO","ISO_Numeric":"780","fips":"TD","country":"Trinidad and Tobago","capital":"Port of Spain","area":"5128","Population":"1228691","Continent":"NA","tld":".tt","CurrencyCode":"TTD","CurrencyName":"Dollar","Phone":"+1-868","Postal_Code_Format":"","Postal_Code_Regex":"","Languages":"en-TT,hns,fr,es,zh","geonameid":"3573591","neighbours":"","EquivalentFipsCode":""}
,
{"ISO":"TV","ISO3":"TUV","ISO_Numeric":"798","fips":"TV","country":"Tuvalu","capital":"Funafuti","area":"26","Population":"10472","Continent":"OC","tld":".tv","CurrencyCode":"AUD","CurrencyName":"Dollar","Phone":"688","Postal_Code_Format":"","Postal_Code_Regex":"","Languages":"tvl,en,sm,gil","geonameid":"2110297","neighbours":"","EquivalentFipsCode":""}
,
{"ISO":"TW","ISO3":"TWN","ISO_Numeric":"158","fips":"TW","country":"Taiwan","capital":"Taipei","area":"35980","Population":"22894384","Continent":"AS","tld":".tw","CurrencyCode":"TWD","CurrencyName":"Dollar","Phone":"886","Postal_Code_Format":"#####","Postal_Code_Regex":"^(\\d{5})$","Languages":"zh-TW,zh,nan,hak","geonameid":"1668284","neighbours":"","EquivalentFipsCode":""}
,
{"ISO":"TZ","ISO3":"TZA","ISO_Numeric":"834","fips":"TZ","country":"Tanzania","capital":"Dodoma","area":"945087","Population":"41892895","Continent":"AF","tld":".tz","CurrencyCode":"TZS","CurrencyName":"Shilling","Phone":"255","Postal_Code_Format":"","Postal_Code_Regex":"","Languages":"sw-TZ,en,ar","geonameid":"149590","neighbours":"MZ,KE,CD,RW,ZM,BI,UG,MW","EquivalentFipsCode":""}
,
{"ISO":"UA","ISO3":"UKR","ISO_Numeric":"804","fips":"UP","country":"Ukraine","capital":"Kiev","area":"603700","Population":"45415596","Continent":"EU","tld":".ua","CurrencyCode":"UAH","CurrencyName":"Hryvnia","Phone":"380","Postal_Code_Format":"#####","Postal_Code_Regex":"^(\\d{5})$","Languages":"uk,ru-UA,rom,pl,hu","geonameid":"690791","neighbours":"PL,MD,HU,SK,BY,RO,RU","EquivalentFipsCode":""}
,
{"ISO":"UG","ISO3":"UGA","ISO_Numeric":"800","fips":"UG","country":"Uganda","capital":"Kampala","area":"236040","Population":"33398682","Continent":"AF","tld":".ug","CurrencyCode":"UGX","CurrencyName":"Shilling","Phone":"256","Postal_Code_Format":"","Postal_Code_Regex":"","Languages":"en-UG,lg,sw,ar","geonameid":"226074","neighbours":"TZ,KE,SS,CD,RW","EquivalentFipsCode":""}
,
{"ISO":"UM","ISO3":"UMI","ISO_Numeric":"581","fips":"","country":"United States Minor Outlying Islands","capital":"","area":"0","Population":"0","Continent":"OC","tld":".um","CurrencyCode":"USD","CurrencyName":"Dollar ","Phone":"1","Postal_Code_Format":"","Postal_Code_Regex":"","Languages":"en-UM","geonameid":"5854968","neighbours":"","EquivalentFipsCode":""}
,
{"ISO":"US","ISO3":"USA","ISO_Numeric":"840","fips":"US","country":"United States","capital":"Washington","area":"9629091","Population":"310232863","Continent":"NA","tld":".us","CurrencyCode":"USD","CurrencyName":"Dollar","Phone":"1","Postal_Code_Format":"#####-####","Postal_Code_Regex":"^\\d{5}(-\\d{4})?$","Languages":"en-US,es-US,haw,fr","geonameid":"6252001","neighbours":"CA,MX,CU","EquivalentFipsCode":""}
,
{"ISO":"UY","ISO3":"URY","ISO_Numeric":"858","fips":"UY","country":"Uruguay","capital":"Montevideo","area":"176220","Population":"3477000","Continent":"SA","tld":".uy","CurrencyCode":"UYU","CurrencyName":"Peso","Phone":"598","Postal_Code_Format":"#####","Postal_Code_Regex":"^(\\d{5})$","Languages":"es-UY","geonameid":"3439705","neighbours":"BR,AR","EquivalentFipsCode":""}
,
{"ISO":"UZ","ISO3":"UZB","ISO_Numeric":"860","fips":"UZ","country":"Uzbekistan","capital":"Tashkent","area":"447400","Population":"27865738","Continent":"AS","tld":".uz","CurrencyCode":"UZS","CurrencyName":"Som","Phone":"998","Postal_Code_Format":"######","Postal_Code_Regex":"^(\\d{6})$","Languages":"uz,ru,tg","geonameid":"1512440","neighbours":"TM,AF,KG,TJ,KZ","EquivalentFipsCode":""}
,
{"ISO":"VA","ISO3":"VAT","ISO_Numeric":"336","fips":"VT","country":"Vatican","capital":"Vatican City","area":"0.44","Population":"921","Continent":"EU","tld":".va","CurrencyCode":"EUR","CurrencyName":"Euro","Phone":"379","Postal_Code_Format":"#####","Postal_Code_Regex":"^(\\d{5})$","Languages":"la,it,fr","geonameid":"3164670","neighbours":"IT","EquivalentFipsCode":""}
,
{"ISO":"VC","ISO3":"VCT","ISO_Numeric":"670","fips":"VC","country":"Saint Vincent and the Grenadines","capital":"Kingstown","area":"389","Population":"104217","Continent":"NA","tld":".vc","CurrencyCode":"XCD","CurrencyName":"Dollar","Phone":"+1-784","Postal_Code_Format":"","Postal_Code_Regex":"","Languages":"en-VC,fr","geonameid":"3577815","neighbours":"","EquivalentFipsCode":""}
,
{"ISO":"VE","ISO3":"VEN","ISO_Numeric":"862","fips":"VE","country":"Venezuela","capital":"Caracas","area":"912050","Population":"27223228","Continent":"SA","tld":".ve","CurrencyCode":"VEF","CurrencyName":"Bolivar","Phone":"58","Postal_Code_Format":"####","Postal_Code_Regex":"^(\\d{4})$","Languages":"es-VE","geonameid":"3625428","neighbours":"GY,BR,CO","EquivalentFipsCode":""}
,
{"ISO":"VG","ISO3":"VGB","ISO_Numeric":"092","fips":"VI","country":"British Virgin Islands","capital":"Road Town","area":"153","Population":"21730","Continent":"NA","tld":".vg","CurrencyCode":"USD","CurrencyName":"Dollar","Phone":"+1-284","Postal_Code_Format":"","Postal_Code_Regex":"","Languages":"en-VG","geonameid":"3577718","neighbours":"","EquivalentFipsCode":""}
,
{"ISO":"VI","ISO3":"VIR","ISO_Numeric":"850","fips":"VQ","country":"U.S. Virgin Islands","capital":"Charlotte Amalie","area":"352","Population":"108708","Continent":"NA","tld":".vi","CurrencyCode":"USD","CurrencyName":"Dollar","Phone":"+1-340","Postal_Code_Format":"#####-####","Postal_Code_Regex":"^\\d{5}(-\\d{4})?$","Languages":"en-VI","geonameid":"4796775","neighbours":"","EquivalentFipsCode":""}
,
{"ISO":"VN","ISO3":"VNM","ISO_Numeric":"704","fips":"VM","country":"Vietnam","capital":"Hanoi","area":"329560","Population":"89571130","Continent":"AS","tld":".vn","CurrencyCode":"VND","CurrencyName":"Dong","Phone":"84","Postal_Code_Format":"######","Postal_Code_Regex":"^(\\d{6})$","Languages":"vi,en,fr,zh,km","geonameid":"1562822","neighbours":"CN,LA,KH","EquivalentFipsCode":""}
,
{"ISO":"VU","ISO3":"VUT","ISO_Numeric":"548","fips":"NH","country":"Vanuatu","capital":"Port Vila","area":"12200","Population":"221552","Continent":"OC","tld":".vu","CurrencyCode":"VUV","CurrencyName":"Vatu","Phone":"678","Postal_Code_Format":"","Postal_Code_Regex":"","Languages":"bi,en-VU,fr-VU","geonameid":"2134431","neighbours":"","EquivalentFipsCode":""}
,
{"ISO":"WF","ISO3":"WLF","ISO_Numeric":"876","fips":"WF","country":"Wallis and Futuna","capital":"Mata Utu","area":"274","Population":"16025","Continent":"OC","tld":".wf","CurrencyCode":"XPF","CurrencyName":"Franc","Phone":"681","Postal_Code_Format":"#####","Postal_Code_Regex":"^(986\\d{2})$","Languages":"wls,fud,fr-WF","geonameid":"4034749","neighbours":"","EquivalentFipsCode":""}
,
{"ISO":"WS","ISO3":"WSM","ISO_Numeric":"882","fips":"WS","country":"Samoa","capital":"Apia","area":"2944","Population":"192001","Continent":"OC","tld":".ws","CurrencyCode":"WST","CurrencyName":"Tala","Phone":"685","Postal_Code_Format":"","Postal_Code_Regex":"","Languages":"sm,en-WS","geonameid":"4034894","neighbours":"","EquivalentFipsCode":""}
,
{"ISO":"YE","ISO3":"YEM","ISO_Numeric":"887","fips":"YM","country":"Yemen","capital":"Sanaa","area":"527970","Population":"23495361","Continent":"AS","tld":".ye","CurrencyCode":"YER","CurrencyName":"Rial","Phone":"967","Postal_Code_Format":"","Postal_Code_Regex":"","Languages":"ar-YE","geonameid":"69543","neighbours":"SA,OM","EquivalentFipsCode":""}
,
{"ISO":"YT","ISO3":"MYT","ISO_Numeric":"175","fips":"MF","country":"Mayotte","capital":"Mamoudzou","area":"374","Population":"159042","Continent":"AF","tld":".yt","CurrencyCode":"EUR","CurrencyName":"Euro","Phone":"262","Postal_Code_Format":"#####","Postal_Code_Regex":"^(\\d{5})$","Languages":"fr-YT","geonameid":"1024031","neighbours":"","EquivalentFipsCode":""}
,
{"ISO":"ZA","ISO3":"ZAF","ISO_Numeric":"710","fips":"SF","country":"South Africa","capital":"Pretoria","area":"1219912","Population":"49000000","Continent":"AF","tld":".za","CurrencyCode":"ZAR","CurrencyName":"Rand","Phone":"27","Postal_Code_Format":"####","Postal_Code_Regex":"^(\\d{4})$","Languages":"zu,xh,af,nso,en-ZA,tn,st,ts,ss,ve,nr","geonameid":"953987","neighbours":"ZW,SZ,MZ,BW,NA,LS","EquivalentFipsCode":""}
,
{"ISO":"ZM","ISO3":"ZMB","ISO_Numeric":"894","fips":"ZA","country":"Zambia","capital":"Lusaka","area":"752614","Population":"13460305","Continent":"AF","tld":".zm","CurrencyCode":"ZMW","CurrencyName":"Kwacha","Phone":"260","Postal_Code_Format":"#####","Postal_Code_Regex":"^(\\d{5})$","Languages":"en-ZM,bem,loz,lun,lue,ny,toi","geonameid":"895949","neighbours":"ZW,TZ,MZ,CD,NA,MW,AO","EquivalentFipsCode":""}
,
{"ISO":"ZW","ISO3":"ZWE","ISO_Numeric":"716","fips":"ZI","country":"Zimbabwe","capital":"Harare","area":"390580","Population":"11651858","Continent":"AF","tld":".zw","CurrencyCode":"ZWL","CurrencyName":"Dollar","Phone":"263","Postal_Code_Format":"","Postal_Code_Regex":"","Languages":"en-ZW,sn,nr,nd","geonameid":"878675","neighbours":"ZA,MZ,BW,ZM","EquivalentFipsCode":""}
,
{"ISO":"CS","ISO3":"SCG","ISO_Numeric":"891","fips":"YI","country":"Serbia and Montenegro","capital":"Belgrade","area":"102350","Population":"10829175","Continent":"EU","tld":".cs","CurrencyCode":"RSD","CurrencyName":"Dinar","Phone":"381","Postal_Code_Format":"#####","Postal_Code_Regex":"^(\\d{5})$","Languages":"cu,hu,sq,sr","geonameid":"","neighbours":"AL,HU,MK,RO,HR,BA,BG","EquivalentFipsCode":""}
,
{"ISO":"AN","ISO3":"ANT","ISO_Numeric":"530","fips":"NT","country":"Netherlands Antilles","capital":"Willemstad","area":"960","Population":"136197","Continent":"NA","tld":".an","CurrencyCode":"ANG","CurrencyName":"Guilder","Phone":"599","Postal_Code_Format":"","Postal_Code_Regex":"","Languages":"nl-AN,en,es","geonameid":"","neighbours":"GP","EquivalentFipsCode":""}
]
