{"region_data":{"adminCode1":"30","lng":"14.48333","geonameId":8299729,"toponymName":"Luqa","countryId":"2562770","fcl":"A","population":6076,"countryCode":"MT","name":"Luqa","fclName":"country, state, region,...","countryName":"Malta","fcodeName":"first-order administrative division","adminName1":"Luqa","lat":"35.85972","fcode":"ADM1"},"country_data":{"ISO":"MT","ISO3":"MLT","ISO_Numeric":"470","fips":"MT","country":"Malta","capital":"Valletta","area":"316","Population":"403000","Continent":"EU","tld":".mt","CurrencyCode":"EUR","CurrencyName":"Euro","Phone":"356","Postal_Code_Format":"@@@ ###|@@@ ##","Postal_Code_Regex":"^([A-Z]{3}\\d{2}\\d?)$","Languages":"mt,en-MT","geonameid":"2562770","neighbours":"","EquivalentFipsCode":""},"cities":[{"geonameid":"2562788","name":"Luqa","asciiname":"Luqa","alternatenames":["Casal Luca","Hal Luqa","Luca","Luqa","MLA","Ħal Luqa"],"latitude":"35.85889","longitude":"14.48861","feature_class":"P","feature_code":"PPLA","country_code":"MT","cc2":"","admin1_code":"30","admin2_code":"","admin3_code":"","admin4_code":"","population":"5053","elevation":"","dem":"79","timezone":"Europe/Malta","modification_date":"2013-12-25"}]}