{"region_data":{"adminCode1":"47","lng":"14.49167","geonameId":8299746,"toponymName":"Safi","countryId":"2562770","fcl":"A","population":2128,"countryCode":"MT","name":"Safi","fclName":"country, state, region,...","countryName":"Malta","fcodeName":"first-order administrative division","adminName1":"Safi","lat":"35.83472","fcode":"ADM1"},"country_data":{"ISO":"MT","ISO3":"MLT","ISO_Numeric":"470","fips":"MT","country":"Malta","capital":"Valletta","area":"316","Population":"403000","Continent":"EU","tld":".mt","CurrencyCode":"EUR","CurrencyName":"Euro","Phone":"356","Postal_Code_Format":"@@@ ###|@@@ ##","Postal_Code_Regex":"^([A-Z]{3}\\d{2}\\d?)$","Languages":"mt,en-MT","geonameid":"2562770","neighbours":"","EquivalentFipsCode":""},"cities":[{"geonameid":"2562598","name":"Safi","asciiname":"Safi","alternatenames":["Casal Safi","Hal Safi","Safi","Ħal Safi"],"latitude":"35.83306","longitude":"14.48472","feature_class":"P","feature_code":"PPLA","country_code":"MT","cc2":"","admin1_code":"47","admin2_code":"","admin3_code":"","admin4_code":"","population":"1863","elevation":"","dem":"106","timezone":"Europe/Malta","modification_date":"2012-07-04"}]}