{"region_data":{"countryId":"3932488","adminCode1":"19","countryName":"Peru","fclName":"country, state, region,...","countryCode":"PE","lng":"-75.25","fcodeName":"first-order administrative division","toponymName":"Pasco","fcl":"A","numberOfChildren":3,"name":"Pasco","fcode":"ADM1","geonameId":3932834,"lat":"-10.5","adminName1":"Pasco","population":0},"country_data":{"ISO":"PE","ISO3":"PER","ISO_Numeric":"604","fips":"PE","country":"Peru","capital":"Lima","area":"1285220","Population":"29907003","Continent":"SA","tld":".pe","CurrencyCode":"PEN","CurrencyName":"Sol","Phone":"51","Postal_Code_Format":"","Postal_Code_Regex":"","Languages":"es-PE,qu,ay","geonameid":"3932488","neighbours":"EC,CL,BO,BR,CO","EquivalentFipsCode":""},"cities":[]}