{"country_data":{"ISO":"GD","ISO3":"GRD","ISO_Numeric":"308","fips":"GJ","country":"Grenada","capital":"St. George's","area":"344","Population":"107818","Continent":"NA","tld":".gd","CurrencyCode":"XCD","CurrencyName":"Dollar","Phone":"+1-473","Postal_Code_Format":"","Postal_Code_Regex":"","Languages":"en-GD","geonameid":"3580239","neighbours":"","EquivalentFipsCode":""},"regions":[{"adminCode1":"10","lng":"-61.43623","geonameId":7303836,"toponymName":"Carriacou and Petite Martinique","countryId":"3580239","fcl":"A","population":5000,"countryCode":"GD","name":"Carriacou and Petite Martinique","fclName":"country, state, region,...","countryName":"Grenada","fcodeName":"first-order administrative division","adminName1":"Carriacou and Petite Martinique","lat":"12.48485","fcode":"ADM1"},{"adminCode1":"01","lng":"-61.65","geonameId":3579938,"toponymName":"Saint Andrew","countryId":"3580239","fcl":"A","population":25339,"countryCode":"GD","name":"Saint Andrew","fclName":"country, state, region,...","countryName":"Grenada","fcodeName":"first-order administrative division","adminName1":"Saint Andrew","lat":"12.11667","fcode":"ADM1"},{"adminCode1":"02","lng":"-61.66667","geonameId":3579932,"toponymName":"Saint David","countryId":"3580239","fcl":"A","population":11486,"countryCode":"GD","name":"Saint David","fclName":"country, state, region,...","countryName":"Grenada","fcodeName":"first-order administrative division","adminName1":"Saint David","lat":"12.05","fcode":"ADM1"},{"adminCode1":"03","lng":"-61.73333","geonameId":3579926,"toponymName":"Saint George","countryId":"3580239","fcl":"A","population":33264,"countryCode":"GD","name":"Saint George","fclName":"country, state, region,...","countryName":"Grenada","fcodeName":"first-order administrative division","adminName1":"Saint George","lat":"12.05","fcode":"ADM1"},{"adminCode1":"04","lng":"-61.71667","geonameId":3579919,"toponymName":"Saint John","countryId":"3580239","fcl":"A","population":9176,"countryCode":"GD","name":"Saint John","fclName":"country, state, region,...","countryName":"Grenada","fcodeName":"first-order administrative division","adminName1":"Saint John","lat":"12.13333","fcode":"ADM1"},{"adminCode1":"05","lng":"-61.68333","geonameId":3579913,"toponymName":"Saint Mark","countryId":"3580239","fcl":"A","population":4067,"countryCode":"GD","name":"Saint Mark","fclName":"country, state, region,...","countryName":"Grenada","fcodeName":"first-order administrative division","adminName1":"Saint Mark","lat":"12.18333","fcode":"ADM1"},{"adminCode1":"06","lng":"-61.63333","geonameId":3579907,"toponymName":"Saint Patrick","countryId":"3580239","fcl":"A","population":10533,"countryCode":"GD","name":"Saint Patrick","fclName":"country, state, region,...","countryName":"Grenada","fcodeName":"first-order administrative division","adminName1":"Saint Patrick","lat":"12.2","fcode":"ADM1"}]}