{"country_data":{"ISO":"GY","ISO3":"GUY","ISO_Numeric":"328","fips":"GY","country":"Guyana","capital":"Georgetown","area":"214970","Population":"748486","Continent":"SA","tld":".gy","CurrencyCode":"GYD","CurrencyName":"Dollar","Phone":"592","Postal_Code_Format":"","Postal_Code_Regex":"","Languages":"en-GY","geonameid":"3378535","neighbours":"SR,BR,VE","EquivalentFipsCode":""},"regions":[{"adminCode1":"10","lng":"-59.75","geonameId":3379515,"toponymName":"Barima-Waini Region","countryId":"3378535","fcl":"A","population":26941,"countryCode":"GY","name":"Barima-Waini Region","fclName":"country, state, region,...","countryName":"Guyana","fcodeName":"first-order administrative division","adminName1":"Barima-Waini","lat":"7.66667","fcode":"ADM1"},{"adminCode1":"11","lng":"-60","geonameId":3379023,"toponymName":"Cuyuni-Mazaruni Region","countryId":"3378535","fcl":"A","population":20280,"countryCode":"GY","name":"Cuyuni-Mazaruni Region","fclName":"country, state, region,...","countryName":"Guyana","fcodeName":"first-order administrative division","adminName1":"Cuyuni-Mazaruni","lat":"6","fcode":"ADM1"},{"adminCode1":"12","lng":"-58.08333","geonameId":3378950,"toponymName":"Demerara-Mahaica Region","countryId":"3378535","fcl":"A","population":313429,"countryCode":"GY","name":"Demerara-Mahaica Region","fclName":"country, state, region,...","countryName":"Guyana","fcodeName":"first-order administrative division","adminName1":"Demerara-Mahaica","lat":"6.5","fcode":"ADM1"},{"adminCode1":"13","lng":"-58.16667","geonameId":3378840,"toponymName":"East Berbice-Corentyne Region","countryId":"3378535","fcl":"A","population":109431,"countryCode":"GY","name":"East Berbice-Corentyne Region","fclName":"country, state, region,...","countryName":"Guyana","fcodeName":"first-order administrative division","adminName1":"East Berbice-Corentyne","lat":"4","fcode":"ADM1"},{"adminCode1":"14","lng":"-58.5","geonameId":3378741,"toponymName":"Essequibo Islands-West Demerara Region","countryId":"3378535","fcl":"A","population":107416,"countryCode":"GY","name":"Essequibo Islands-West Demerara Region","fclName":"country, state, region,...","countryName":"Guyana","fcodeName":"first-order administrative division","adminName1":"Essequibo Islands-West Demerara","lat":"6.66667","fcode":"ADM1"},{"adminCode1":"15","lng":"-57.83333","geonameId":3377274,"toponymName":"Mahaica-Berbice Region","countryId":"3378535","fcl":"A","population":52400,"countryCode":"GY","name":"Mahaica-Berbice Region","fclName":"country, state, region,...","countryName":"Guyana","fcodeName":"first-order administrative division","adminName1":"Mahaica-Berbice","lat":"6.25","fcode":"ADM1"},{"adminCode1":"16","lng":"-58.83333","geonameId":3376407,"toponymName":"Pomeroon-Supenaam Region","countryId":"3378535","fcl":"A","population":46810,"countryCode":"GY","name":"Pomeroon-Supenaam Region","fclName":"country, state, region,...","countryName":"Guyana","fcodeName":"first-order administrative division","adminName1":"Pomeroon-Supenaam","lat":"7.08333","fcode":"ADM1"},{"adminCode1":"17","lng":"-59.3","geonameId":3376386,"toponymName":"Potaro-Siparuni Region","countryId":"3378535","fcl":"A","population":6671,"countryCode":"GY","name":"Potaro-Siparuni Region","fclName":"country, state, region,...","countryName":"Guyana","fcodeName":"first-order administrative division","adminName1":"Potaro-Siparuni","lat":"4.9","fcode":"ADM1"},{"adminCode1":"18","lng":"-58.33333","geonameId":3375469,"toponymName":"Upper Demerara-Berbice Region","countryId":"3378535","fcl":"A","population":44878,"countryCode":"GY","name":"Upper Demerara-Berbice Region","fclName":"country, state, region,...","countryName":"Guyana","fcodeName":"first-order administrative division","adminName1":"Upper Demerara-Berbice","lat":"5.5","fcode":"ADM1"},{"adminCode1":"19","lng":"-59","geonameId":3375463,"toponymName":"Upper Takutu-Upper Essequibo Region","countryId":"3378535","fcl":"A","population":17706,"countryCode":"GY","name":"Upper Takutu-Upper Essequibo Region","fclName":"country, state, region,...","countryName":"Guyana","fcodeName":"first-order administrative division","adminName1":"Upper Takutu-Upper Essequibo","lat":"2.91667","fcode":"ADM1"}]}