{"country_data":{"ISO":"IT","ISO3":"ITA","ISO_Numeric":"380","fips":"IT","country":"Italy","capital":"Rome","area":"301230","Population":"60340328","Continent":"EU","tld":".it","CurrencyCode":"EUR","CurrencyName":"Euro","Phone":"39","Postal_Code_Format":"#####","Postal_Code_Regex":"^(\\d{5})$","Languages":"it-IT,de-IT,fr-IT,sc,ca,co,sl","geonameid":"3175395","neighbours":"CH,VA,SI,SM,FR,AT","EquivalentFipsCode":""},"regions":[{"countryId":"3175395","adminCode1":"01","countryName":"Italy","fclName":"country, state, region,...","countryCode":"IT","lng":"13.75","fcodeName":"first-order administrative division","toponymName":"Abruzzo","fcl":"A","numberOfChildren":4,"name":"Abruzzo","fcode":"ADM1","geonameId":3183560,"lat":"42.25","adminName1":"Abruzzo","population":1338898},{"countryId":"3175395","adminCode1":"19","countryName":"Italy","fclName":"country, state, region,...","countryCode":"IT","lng":"7.25","fcodeName":"first-order administrative division","toponymName":"Regione Autonoma Valle d'Aosta","fcl":"A","numberOfChildren":1,"name":"Aosta Valley","fcode":"ADM1","geonameId":3164857,"lat":"45.75","adminName1":"Aosta Valley","population":127866},{"countryId":"3175395","adminCode1":"13","countryName":"Italy","fclName":"country, state, region,...","countryCode":"IT","lng":"16.73378","fcodeName":"first-order administrative division","toponymName":"Puglia","fcl":"A","numberOfChildren":6,"name":"Apulia","fcode":"ADM1","geonameId":3169778,"lat":"41.00164","adminName1":"Apulia","population":4084035},{"countryId":"3175395","adminCode1":"02","countryName":"Italy","fclName":"country, state, region,...","countryCode":"IT","lng":"16.11396","fcodeName":"first-order administrative division","toponymName":"Basilicata","fcl":"A","numberOfChildren":2,"name":"Basilicate","fcode":"ADM1","geonameId":3182306,"lat":"40.5041","adminName1":"Basilicate","population":588879},{"countryId":"3175395","adminCode1":"03","countryName":"Italy","fclName":"country, state, region,...","countryCode":"IT","lng":"16.5","fcodeName":"first-order administrative division","toponymName":"Regione Calabria","fcl":"A","numberOfChildren":5,"name":"Calabria","fcode":"ADM1","geonameId":2525468,"lat":"39","adminName1":"Calabria","population":2009330},{"countryId":"3175395","adminCode1":"04","countryName":"Italy","fclName":"country, state, region,...","countryCode":"IT","lng":"14.92053","fcodeName":"first-order administrative division","toponymName":"Campania","fcl":"A","numberOfChildren":5,"name":"Campania","fcode":"ADM1","geonameId":3181042,"lat":"40.91056","adminName1":"Campania","population":5824662},{"countryId":"3175395","adminCode1":"05","countryName":"Italy","fclName":"country, state, region,...","countryCode":"IT","lng":"10.98361","fcodeName":"first-order administrative division","toponymName":"Emilia-Romagna","fcl":"A","numberOfChildren":9,"name":"Emilia-Romagna","fcode":"ADM1","geonameId":3177401,"lat":"44.5444","adminName1":"Emilia-Romagna","population":4395569},{"countryId":"3175395","adminCode1":"06","countryName":"Italy","fclName":"country, state, region,...","countryCode":"IT","lng":"13","fcodeName":"first-order administrative division","toponymName":"Friuli Venezia Giulia","fcl":"A","numberOfChildren":4,"name":"Friuli Venezia Giulia","fcode":"ADM1","geonameId":3176525,"lat":"46","adminName1":"Friuli Venezia Giulia","population":1234079},{"countryId":"3175395","adminCode1":"07","countryName":"Italy","fclName":"country, state, region,...","countryCode":"IT","lng":"12.77878","fcodeName":"first-order administrative division","toponymName":"Lazio","fcl":"A","numberOfChildren":5,"name":"Latium","fcode":"ADM1","geonameId":3174976,"lat":"42.07762","adminName1":"Latium","population":5681868},{"countryId":"3175395","adminCode1":"08","countryName":"Italy","fclName":"country, state, region,...","countryCode":"IT","lng":"8.83333","fcodeName":"first-order administrative division","toponymName":"Liguria","fcl":"A","numberOfChildren":4,"name":"Liguria","fcode":"ADM1","geonameId":3174725,"lat":"44.5","adminName1":"Liguria","population":1615986},{"countryId":"3175395","adminCode1":"09","countryName":"Italy","fclName":"country, state, region,...","countryCode":"IT","lng":"9.5","fcodeName":"first-order administrative division","toponymName":"Lombardia","fcl":"A","numberOfChildren":12,"name":"Lombardy","fcode":"ADM1","geonameId":3174618,"lat":"45.66667","adminName1":"Lombardy","population":9826141},{"countryId":"3175395","adminCode1":"11","countryName":"Italy","fclName":"country, state, region,...","countryCode":"IT","lng":"14.5","fcodeName":"first-order administrative division","toponymName":"Molise","fcl":"A","numberOfChildren":2,"name":"Molise","fcode":"ADM1","geonameId":3173222,"lat":"41.66667","adminName1":"Molise","population":320229},{"countryId":"3175395","adminCode1":"12","countryName":"Italy","fclName":"country, state, region,...","countryCode":"IT","lng":"8","fcodeName":"first-order administrative division","toponymName":"Piemonte","fcl":"A","numberOfChildren":8,"name":"Piedmont","fcode":"ADM1","geonameId":3170831,"lat":"45","adminName1":"Piedmont","population":4446230},{"countryId":"3175395","adminCode1":"14","countryName":"Italy","fclName":"country, state, region,...","countryCode":"IT","lng":"9","fcodeName":"first-order administrative division","toponymName":"Sardegna","fcl":"A","numberOfChildren":8,"name":"Sardinia","fcode":"ADM1","geonameId":2523228,"lat":"40","adminName1":"Sardinia","population":1672404},{"countryId":"3175395","adminCode1":"15","countryName":"Italy","fclName":"country, state, region,...","countryCode":"IT","lng":"14.25","fcodeName":"first-order administrative division","toponymName":"Sicilia","fcl":"A","numberOfChildren":9,"name":"Sicily","fcode":"ADM1","geonameId":2523119,"lat":"37.75","adminName1":"Sicily","population":5042992},{"countryId":"3175395","adminCode1":"10","countryName":"Italy","fclName":"country, state, region,...","countryCode":"IT","lng":"13.25","fcodeName":"first-order administrative division","toponymName":"Marche","fcl":"A","numberOfChildren":5,"name":"The Marches","fcode":"ADM1","geonameId":3174004,"lat":"43.5","adminName1":"The Marches","population":1559542},{"countryId":"3175395","adminCode1":"17","countryName":"Italy","fclName":"country, state, region,...","countryCode":"IT","lng":"11.33333","fcodeName":"first-order administrative division","toponymName":"Trentino-Alto Adige","fcl":"A","numberOfChildren":2,"name":"Trentino-Alto Adige","fcode":"ADM1","geonameId":3165244,"lat":"46.5","adminName1":"Trentino-Alto Adige","population":1028260},{"countryId":"3175395","adminCode1":"16","countryName":"Italy","fclName":"country, state, region,...","countryCode":"IT","lng":"11","fcodeName":"first-order administrative division","toponymName":"Toscana","fcl":"A","numberOfChildren":10,"name":"Tuscany","fcode":"ADM1","geonameId":3165361,"lat":"43.41667","adminName1":"Tuscany","population":3730130},{"countryId":"3175395","adminCode1":"18","countryName":"Italy","fclName":"country, state, region,...","countryCode":"IT","lng":"12.5","fcodeName":"first-order administrative division","toponymName":"Umbria","fcl":"A","numberOfChildren":2,"name":"Umbria","fcode":"ADM1","geonameId":3165048,"lat":"43","adminName1":"Umbria","population":900790},{"countryId":"3175395","adminCode1":"20","countryName":"Italy","fclName":"country, state, region,...","countryCode":"IT","lng":"11.75","fcodeName":"first-order administrative division","toponymName":"Regione Veneto","fcl":"A","numberOfChildren":7,"name":"Veneto","fcode":"ADM1","geonameId":3164604,"lat":"45.5","adminName1":"Veneto","population":4912438}]}