{"country_data":{"ISO":"KE","ISO3":"KEN","ISO_Numeric":"404","fips":"KE","country":"Kenya","capital":"Nairobi","area":"582650","Population":"40046566","Continent":"AF","tld":".ke","CurrencyCode":"KES","CurrencyName":"Shilling","Phone":"254","Postal_Code_Format":"#####","Postal_Code_Regex":"^(\\d{5})$","Languages":"en-KE,sw-KE","geonameid":"192950","neighbours":"ET,TZ,SS,SO,UG","EquivalentFipsCode":""},"regions":[{"adminCode1":"10","lng":"36","geonameId":200573,"toponymName":"Baringo","countryId":"192950","fcl":"A","population":555561,"countryCode":"KE","name":"Baringo","fclName":"country, state, region,...","countryName":"Kenya","fcodeName":"first-order administrative division","adminName1":"Baringo","lat":"0.66667","fcode":"ADM1"},{"adminCode1":"11","lng":"35.35","geonameId":7667666,"toponymName":"Bomet","countryId":"192950","fcl":"A","population":724186,"countryCode":"KE","name":"Bomet","fclName":"country, state, region,...","countryName":"Kenya","fcodeName":"first-order administrative division","adminName1":"Bomet","lat":"-0.79","fcode":"ADM1"},{"adminCode1":"12","lng":"34.639","geonameId":200066,"toponymName":"Bungoma","countryId":"192950","fcl":"A","population":1630934,"countryCode":"KE","name":"Bungoma","fclName":"country, state, region,...","countryName":"Kenya","fcodeName":"first-order administrative division","adminName1":"Bungoma","lat":"0.66","fcode":"ADM1"},{"adminCode1":"13","lng":"34.17","geonameId":199987,"toponymName":"Busia","countryId":"192950","fcl":"A","population":488075,"numberOfChildren":1,"countryCode":"KE","name":"Busia","fclName":"country, state, region,...","countryName":"Kenya","fcodeName":"first-order administrative division","adminName1":"Busia","lat":"0.35","fcode":"ADM1"},{"adminCode1":"14","lng":"35.55","geonameId":7667646,"toponymName":"Elegeyo-Marakwet","countryId":"192950","fcl":"A","population":369998,"countryCode":"KE","name":"Elegeyo-Marakwet","fclName":"country, state, region,...","countryName":"Kenya","fcodeName":"first-order administrative division","adminName1":"Elegeyo-Marakwet","lat":"0.99","fcode":"ADM1"},{"adminCode1":"15","lng":"37.531","geonameId":198474,"toponymName":"Embu","countryId":"192950","fcl":"A","population":516212,"numberOfChildren":1,"countryCode":"KE","name":"Embu","fclName":"country, state, region,...","countryName":"Kenya","fcodeName":"first-order administrative division","adminName1":"Embu","lat":"-0.425","fcode":"ADM1"},{"adminCode1":"16","lng":"40.041","geonameId":197744,"toponymName":"Garissa","countryId":"192950","fcl":"A","population":623060,"numberOfChildren":1,"countryCode":"KE","name":"Garissa","fclName":"country, state, region,...","countryName":"Kenya","fcodeName":"first-order administrative division","adminName1":"Garissa","lat":"-0.172","fcode":"ADM1"},{"adminCode1":"17","lng":"34.481","geonameId":7667665,"toponymName":"Homa Bay","countryId":"192950","fcl":"A","population":963794,"numberOfChildren":2,"countryCode":"KE","name":"Homa Bay","fclName":"country, state, region,...","countryName":"Kenya","fcodeName":"first-order administrative division","adminName1":"Homa Bay","lat":"-0.666","fcode":"ADM1"},{"adminCode1":"18","lng":"38.53333","geonameId":196228,"toponymName":"Isiolo","countryId":"192950","fcl":"A","population":143294,"numberOfChildren":1,"countryCode":"KE","name":"Isiolo","fclName":"country, state, region,...","countryName":"Kenya","fcodeName":"first-order administrative division","adminName1":"Isiolo","lat":"0.98333","fcode":"ADM1"},{"adminCode1":"19","lng":"36.878","geonameId":7667657,"toponymName":"Kajiado","countryId":"192950","fcl":"A","population":687312,"countryCode":"KE","name":"Kajiado","fclName":"country, state, region,...","countryName":"Kenya","fcodeName":"first-order administrative division","adminName1":"Kajiado","lat":"-2.131","fcode":"ADM1"},{"adminCode1":"20","lng":"34.797","geonameId":195271,"toponymName":"Kakamega","countryId":"192950","fcl":"A","population":1660651,"numberOfChildren":2,"countryCode":"KE","name":"Kakamega","fclName":"country, state, region,...","countryName":"Kenya","fcodeName":"first-order administrative division","adminName1":"Kakamega","lat":"0.334","fcode":"ADM1"},{"adminCode1":"21","lng":"35.383","geonameId":192898,"toponymName":"Kericho","countryId":"192950","fcl":"A","population":758339,"countryCode":"KE","name":"Kericho","fclName":"country, state, region,...","countryName":"Kenya","fcodeName":"first-order administrative division","adminName1":"Kericho","lat":"-0.273","fcode":"ADM1"},{"adminCode1":"22","lng":"36.699","geonameId":192709,"toponymName":"Kiambu","countryId":"192950","fcl":"A","population":1623282,"numberOfChildren":2,"countryCode":"KE","name":"Kiambu","fclName":"country, state, region,...","countryName":"Kenya","fcodeName":"first-order administrative division","adminName1":"Kiambu","lat":"-1.09","fcode":"ADM1"},{"adminCode1":"23","lng":"39.644","geonameId":192064,"toponymName":"Kilifi","countryId":"192950","fcl":"A","population":1109735,"numberOfChildren":2,"countryCode":"KE","name":"Kilifi","fclName":"country, state, region,...","countryName":"Kenya","fcodeName":"first-order administrative division","adminName1":"Kilifi","lat":"-3.563","fcode":"ADM1"},{"adminCode1":"24","lng":"37.33333","geonameId":191420,"toponymName":"Kirinyaga","countryId":"192950","fcl":"A","population":528054,"countryCode":"KE","name":"Kirinyaga","fclName":"country, state, region,...","countryName":"Kenya","fcodeName":"first-order administrative division","adminName1":"Kirinyaga","lat":"-0.5","fcode":"ADM1"},{"adminCode1":"25","lng":"34.83333","geonameId":191298,"toponymName":"Kisii","countryId":"192950","fcl":"A","population":1152282,"numberOfChildren":2,"countryCode":"KE","name":"Kisii","fclName":"country, state, region,...","countryName":"Kenya","fcodeName":"first-order administrative division","adminName1":"Kisii","lat":"-0.75","fcode":"ADM1"},{"adminCode1":"26","lng":"34.64","geonameId":191242,"toponymName":"Kisumu","countryId":"192950","fcl":"A","population":968909,"numberOfChildren":1,"countryCode":"KE","name":"Kisumu","fclName":"country, state, region,...","countryName":"Kenya","fcodeName":"first-order administrative division","adminName1":"Kisumu","lat":"-0.069","fcode":"ADM1"},{"adminCode1":"27","lng":"38.451","geonameId":191037,"toponymName":"Kitui","countryId":"192950","fcl":"A","population":1012709,"numberOfChildren":1,"countryCode":"KE","name":"Kitui","fclName":"country, state, region,...","countryName":"Kenya","fcodeName":"first-order administrative division","adminName1":"Kitui","lat":"-1.835","fcode":"ADM1"},{"adminCode1":"28","lng":"39.2","geonameId":190106,"toponymName":"Kwale","countryId":"192950","fcl":"A","population":649931,"countryCode":"KE","name":"Kwale","fclName":"country, state, region,...","countryName":"Kenya","fcodeName":"first-order administrative division","adminName1":"Kwale","lat":"-4.13333","fcode":"ADM1"},{"adminCode1":"29","lng":"36.76667","geonameId":189794,"toponymName":"Laikipia","countryId":"192950","fcl":"A","population":399227,"countryCode":"KE","name":"Laikipia","fclName":"country, state, region,...","countryName":"Kenya","fcodeName":"first-order administrative division","adminName1":"Laikipia","lat":"0.33333","fcode":"ADM1"},{"adminCode1":"30","lng":"40.9","geonameId":7667643,"toponymName":"Lamu","countryId":"192950","fcl":"A","population":101539,"numberOfChildren":1,"countryCode":"KE","name":"Lamu","fclName":"country, state, region,...","countryName":"Kenya","fcodeName":"first-order administrative division","adminName1":"Lamu","lat":"-2.28","fcode":"ADM1"},{"adminCode1":"31","lng":"37.408","geonameId":7667644,"toponymName":"Machakos","countryId":"192950","fcl":"A","population":1098584,"countryCode":"KE","name":"Machakos","fclName":"country, state, region,...","countryName":"Kenya","fcodeName":"first-order administrative division","adminName1":"Machakos","lat":"-1.282","fcode":"ADM1"},{"adminCode1":"32","lng":"37.872","geonameId":7667645,"toponymName":"Makueni","countryId":"192950","fcl":"A","population":884527,"countryCode":"KE","name":"Makueni","fclName":"country, state, region,...","countryName":"Kenya","fcodeName":"first-order administrative division","adminName1":"Makueni","lat":"-2.222","fcode":"ADM1"},{"adminCode1":"33","lng":"40.7","geonameId":187895,"toponymName":"Mandera","countryId":"192950","fcl":"A","population":1025756,"countryCode":"KE","name":"Mandera","fclName":"country, state, region,...","countryName":"Kenya","fcodeName":"first-order administrative division","adminName1":"Mandera","lat":"3.36667","fcode":"ADM1"},{"adminCode1":"34","lng":"37.6","geonameId":187583,"toponymName":"Marsabit","countryId":"192950","fcl":"A","population":291166,"numberOfChildren":2,"countryCode":"KE","name":"Marsabit","fclName":"country, state, region,...","countryName":"Kenya","fcodeName":"first-order administrative division","adminName1":"Marsabit","lat":"2.96667","fcode":"ADM1"},{"adminCode1":"35","lng":"37.518","geonameId":186824,"toponymName":"Meru","countryId":"192950","fcl":"A","population":1356301,"numberOfChildren":1,"countryCode":"KE","name":"Meru","fclName":"country, state, region,...","countryName":"Kenya","fcodeName":"first-order administrative division","adminName1":"Meru","lat":"0","fcode":"ADM1"},{"adminCode1":"36","lng":"34.409","geonameId":7667678,"toponymName":"Migori","countryId":"192950","fcl":"A","population":1028579,"numberOfChildren":1,"countryCode":"KE","name":"Migori","fclName":"country, state, region,...","countryName":"Kenya","fcodeName":"first-order administrative division","adminName1":"Migori","lat":"-0.982","fcode":"ADM1"},{"adminCode1":"37","lng":"39.66667","geonameId":186298,"toponymName":"Mombasa","countryId":"192950","fcl":"A","population":939370,"countryCode":"KE","name":"Mombasa","fclName":"country, state, region,...","countryName":"Kenya","fcodeName":"first-order administrative division","adminName1":"Mombasa","lat":"-4.02","fcode":"ADM1"},{"adminCode1":"38","lng":"36.994","geonameId":185578,"toponymName":"Murang'A","countryId":"192950","fcl":"A","population":942581,"numberOfChildren":1,"countryCode":"KE","name":"Murang'A","fclName":"country, state, region,...","countryName":"Kenya","fcodeName":"first-order administrative division","adminName1":"Murang'A","lat":"-0.684","fcode":"ADM1"},{"adminCode1":"05","lng":"36.83333","geonameId":184742,"toponymName":"Nairobi","countryId":"192950","fcl":"A","population":3138369,"numberOfChildren":1,"countryCode":"KE","name":"Nairobi","fclName":"country, state, region,...","countryName":"Kenya","fcodeName":"first-order administrative division","adminName1":"Nairobi Area","lat":"-1.28333","fcode":"ADM1"},{"adminCode1":"39","lng":"36.17126","geonameId":7668902,"toponymName":"Nakuru","countryId":"192950","fcl":"A","population":1603325,"countryCode":"KE","name":"Nakuru","fclName":"country, state, region,...","countryName":"Kenya","fcodeName":"first-order administrative division","adminName1":"Nakuru","lat":"-0.48402","fcode":"ADM1"},{"adminCode1":"40","lng":"35.193","geonameId":8051212,"toponymName":"Nandi","countryId":"192950","fcl":"A","population":752965,"countryCode":"KE","name":"Nandi","fclName":"country, state, region,...","countryName":"Kenya","fcodeName":"first-order administrative division","adminName1":"Nandi","lat":"0.055","fcode":"ADM1"},{"adminCode1":"41","lng":"35.7356","geonameId":7668904,"toponymName":"Narok","countryId":"192950","fcl":"A","population":850920,"countryCode":"KE","name":"Narok","fclName":"country, state, region,...","countryName":"Kenya","fcodeName":"first-order administrative division","adminName1":"Narok","lat":"-1.24076","fcode":"ADM1"},{"adminCode1":"42","lng":"35","geonameId":7806857,"toponymName":"Nyamira","countryId":"192950","fcl":"A","population":598252,"countryCode":"KE","name":"Nyamira","fclName":"country, state, region,...","countryName":"Kenya","fcodeName":"first-order administrative division","adminName1":"Nyamira","lat":"-0.75","fcode":"ADM1"},{"adminCode1":"43","lng":"36.5","geonameId":7603036,"toponymName":"Nyandarua","countryId":"192950","fcl":"A","population":596268,"countryCode":"KE","name":"Nyandarua","fclName":"country, state, region,...","countryName":"Kenya","fcodeName":"first-order administrative division","adminName1":"Nyandarua","lat":"-0.344","fcode":"ADM1"},{"adminCode1":"44","lng":"36.95","geonameId":7667661,"toponymName":"Nyeri","countryId":"192950","fcl":"A","population":693558,"countryCode":"KE","name":"Nyeri","fclName":"country, state, region,...","countryName":"Kenya","fcodeName":"first-order administrative division","adminName1":"Nyeri","lat":"-0.42","fcode":"ADM1"},{"adminCode1":"45","lng":"37.11667","geonameId":180782,"toponymName":"Samburu","countryId":"192950","fcl":"A","population":223947,"countryCode":"KE","name":"Samburu","fclName":"country, state, region,...","countryName":"Kenya","fcodeName":"first-order administrative division","adminName1":"Samburu","lat":"1.33333","fcode":"ADM1"},{"adminCode1":"46","lng":"34.302","geonameId":180320,"toponymName":"Siaya","countryId":"192950","fcl":"A","population":842304,"countryCode":"KE","name":"Siaya","fclName":"country, state, region,...","countryName":"Kenya","fcodeName":"first-order administrative division","adminName1":"Siaya","lat":"0.105","fcode":"ADM1"},{"adminCode1":"47","lng":"38.37","geonameId":7667652,"toponymName":"Taita Taveta","countryId":"192950","fcl":"A","population":284657,"countryCode":"KE","name":"Taita Taveta","fclName":"country, state, region,...","countryName":"Kenya","fcodeName":"first-order administrative division","adminName1":"Taita Taveta","lat":"-3.4","fcode":"ADM1"},{"adminCode1":"48","lng":"39.41667","geonameId":179585,"toponymName":"Tana River","countryId":"192950","fcl":"A","population":240075,"countryCode":"KE","name":"Tana River","fclName":"country, state, region,...","countryName":"Kenya","fcodeName":"first-order administrative division","adminName1":"Tana River","lat":"-1.53333","fcode":"ADM1"},{"adminCode1":"49","lng":"38.02883","geonameId":179380,"toponymName":"Tharaka - Nithi","countryId":"192950","fcl":"A","population":365330,"numberOfChildren":1,"countryCode":"KE","name":"Tharaka - Nithi","fclName":"country, state, region,...","countryName":"Kenya","fcodeName":"first-order administrative division","adminName1":"Tharaka - Nithi","lat":"-0.10094","fcode":"ADM1"},{"adminCode1":"50","lng":"34.979","geonameId":179068,"toponymName":"Trans Nzoia","countryId":"192950","fcl":"A","population":818757,"countryCode":"KE","name":"Trans Nzoia","fclName":"country, state, region,...","countryName":"Kenya","fcodeName":"first-order administrative division","adminName1":"Trans Nzoia","lat":"1.045","fcode":"ADM1"},{"adminCode1":"51","lng":"35.5","geonameId":178914,"toponymName":"Turkana","countryId":"192950","fcl":"A","population":855399,"countryCode":"KE","name":"Turkana","fclName":"country, state, region,...","countryName":"Kenya","fcodeName":"first-order administrative division","adminName1":"Turkana","lat":"3","fcode":"ADM1"},{"adminCode1":"52","lng":"35.31667","geonameId":178837,"toponymName":"Uasin Gishu","countryId":"192950","fcl":"A","population":894179,"countryCode":"KE","name":"Uasin Gishu","fclName":"country, state, region,...","countryName":"Kenya","fcodeName":"first-order administrative division","adminName1":"Uasin Gishu","lat":"0.5","fcode":"ADM1"},{"adminCode1":"53","lng":"34.712","geonameId":7667638,"toponymName":"Vihiga","countryId":"192950","fcl":"A","population":554622,"countryCode":"KE","name":"Vihiga","fclName":"country, state, region,...","countryName":"Kenya","fcodeName":"first-order administrative division","adminName1":"Vihiga","lat":"0.072","fcode":"ADM1"},{"adminCode1":"54","lng":"40.01667","geonameId":178440,"toponymName":"Wajir","countryId":"192950","fcl":"A","population":661941,"countryCode":"KE","name":"Wajir","fclName":"country, state, region,...","countryName":"Kenya","fcodeName":"first-order administrative division","adminName1":"Wajir","lat":"1.75","fcode":"ADM1"},{"adminCode1":"55","lng":"35.25","geonameId":178145,"toponymName":"West Pokot","countryId":"192950","fcl":"A","population":512690,"countryCode":"KE","name":"West Pokot","fclName":"country, state, region,...","countryName":"Kenya","fcodeName":"first-order administrative division","adminName1":"West Pokot","lat":"1.75","fcode":"ADM1"}]}