{"country_data":{"ISO":"MT","ISO3":"MLT","ISO_Numeric":"470","fips":"MT","country":"Malta","capital":"Valletta","area":"316","Population":"403000","Continent":"EU","tld":".mt","CurrencyCode":"EUR","CurrencyName":"Euro","Phone":"356","Postal_Code_Format":"@@@ ###|@@@ ##","Postal_Code_Regex":"^([A-Z]{3}\\d{2}\\d?)$","Languages":"mt,en-MT","geonameid":"2562770","neighbours":"","EquivalentFipsCode":""},"regions":[{"adminCode1":"01","lng":"14.43194","geonameId":8299700,"toponymName":"Attard","countryId":"2562770","fcl":"A","population":10502,"countryCode":"MT","name":"Attard","fclName":"country, state, region,...","countryName":"Malta","fcodeName":"first-order administrative division","adminName1":"Attard","lat":"35.89167","fcode":"ADM1"},{"adminCode1":"02","lng":"14.45278","geonameId":8299701,"toponymName":"Balzan","countryId":"2562770","fcl":"A","population":3979,"countryCode":"MT","name":"Balzan","fclName":"country, state, region,...","countryName":"Malta","fcodeName":"first-order administrative division","adminName1":"Balzan","lat":"35.89722","fcode":"ADM1"},{"adminCode1":"04","lng":"14.46528","geonameId":8299703,"toponymName":"Birkirkara","countryId":"2562770","fcl":"A","population":22319,"countryCode":"MT","name":"Birkirkara","fclName":"country, state, region,...","countryName":"Malta","fcodeName":"first-order administrative division","adminName1":"Birkirkara","lat":"35.89722","fcode":"ADM1"},{"adminCode1":"05","lng":"14.52278","geonameId":8299704,"toponymName":"Birżebbuġa","countryId":"2562770","fcl":"A","population":9977,"countryCode":"MT","name":"Birżebbuġa","fclName":"country, state, region,...","countryName":"Malta","fcodeName":"first-order administrative division","adminName1":"Birżebbuġa","lat":"35.82222","fcode":"ADM1"},{"adminCode1":"06","lng":"14.52167","geonameId":8299705,"toponymName":"Bormla","countryId":"2562770","fcl":"A","population":5479,"countryCode":"MT","name":"Bormla","fclName":"country, state, region,...","countryName":"Malta","fcodeName":"first-order administrative division","adminName1":"Bormla","lat":"35.88056","fcode":"ADM1"},{"adminCode1":"07","lng":"14.38333","geonameId":8299706,"toponymName":"Dingli","countryId":"2562770","fcl":"A","population":3567,"countryCode":"MT","name":"Dingli","fclName":"country, state, region,...","countryName":"Malta","fcodeName":"first-order administrative division","adminName1":"Dingli","lat":"35.85972","fcode":"ADM1"},{"adminCode1":"11","lng":"14.28611","geonameId":8299710,"toponymName":"Għajnsielem","countryId":"2562770","fcl":"A","population":3153,"countryCode":"MT","name":"Għajnsielem","fclName":"country, state, region,...","countryName":"Malta","fcodeName":"first-order administrative division","adminName1":"Għajnsielem","lat":"36.02667","fcode":"ADM1"},{"adminCode1":"60","lng":"14.5125","geonameId":8334638,"toponymName":"Il-Belt Valletta","countryId":"2562770","fcl":"A","population":6675,"countryCode":"MT","name":"Il-Belt Valletta","fclName":"country, state, region,...","countryName":"Malta","fcodeName":"first-order administrative division","adminName1":"Il-Belt Valletta","lat":"35.89833","fcode":"ADM1"},{"adminCode1":"03","lng":"14.52417","geonameId":8299702,"toponymName":"Il-Birgu","countryId":"2562770","fcl":"A","population":2673,"countryCode":"MT","name":"Il-Birgu","fclName":"country, state, region,...","countryName":"Malta","fcodeName":"first-order administrative division","adminName1":"Il-Birgu","lat":"35.88611","fcode":"ADM1"},{"adminCode1":"08","lng":"14.52028","geonameId":8299707,"toponymName":"Il-Fgura","countryId":"2562770","fcl":"A","population":11676,"countryCode":"MT","name":"Il-Fgura","fclName":"country, state, region,...","countryName":"Malta","fcodeName":"first-order administrative division","adminName1":"Il-Fgura","lat":"35.87278","fcode":"ADM1"},{"adminCode1":"10","lng":"14.23611","geonameId":8299709,"toponymName":"Il-Fontana","countryId":"2562770","fcl":"A","population":993,"countryCode":"MT","name":"Il-Fontana","fclName":"country, state, region,...","countryName":"Malta","fcodeName":"first-order administrative division","adminName1":"Il-Fontana","lat":"36.0375","fcode":"ADM1"},{"adminCode1":"09","lng":"14.50417","geonameId":8299708,"toponymName":"Il-Furjana","countryId":"2562770","fcl":"A","population":2230,"countryCode":"MT","name":"Il-Furjana","fclName":"country, state, region,...","countryName":"Malta","fcodeName":"first-order administrative division","adminName1":"Il-Furjana","lat":"35.89167","fcode":"ADM1"},{"adminCode1":"16","lng":"14.50333","geonameId":8299715,"toponymName":"Il-Gudja","countryId":"2562770","fcl":"A","population":2987,"countryCode":"MT","name":"Il-Gudja","fclName":"country, state, region,...","countryName":"Malta","fcodeName":"first-order administrative division","adminName1":"Il-Gudja","lat":"35.85139","fcode":"ADM1"},{"adminCode1":"17","lng":"14.49278","geonameId":8299716,"toponymName":"Il-Gżira","countryId":"2562770","fcl":"A","population":8102,"countryCode":"MT","name":"Il-Gżira","fclName":"country, state, region,...","countryName":"Malta","fcodeName":"first-order administrative division","adminName1":"Il-Gżira","lat":"35.90556","fcode":"ADM1"},{"adminCode1":"26","lng":"14.53278","geonameId":8299725,"toponymName":"Il-Kalkara","countryId":"2562770","fcl":"A","population":3030,"countryCode":"MT","name":"Il-Kalkara","fclName":"country, state, region,...","countryName":"Malta","fcodeName":"first-order administrative division","adminName1":"Il-Kalkara","lat":"35.89111","fcode":"ADM1"},{"adminCode1":"31","lng":"14.49222","geonameId":8299730,"toponymName":"Il-Marsa","countryId":"2562770","fcl":"A","population":4571,"countryCode":"MT","name":"Il-Marsa","fclName":"country, state, region,...","countryName":"Malta","fcodeName":"first-order administrative division","adminName1":"Il-Marsa","lat":"35.87639","fcode":"ADM1"},{"adminCode1":"34","lng":"14.35139","geonameId":8299733,"toponymName":"Il-Mellieħa","countryId":"2562770","fcl":"A","population":10003,"countryCode":"MT","name":"Il-Mellieħa","fclName":"country, state, region,...","countryName":"Malta","fcodeName":"first-order administrative division","adminName1":"Il-Mellieħa","lat":"35.95833","fcode":"ADM1"},{"adminCode1":"35","lng":"14.42083","geonameId":8299734,"toponymName":"Il-Mosta","countryId":"2562770","fcl":"A","population":20071,"countryCode":"MT","name":"Il-Mosta","fclName":"country, state, region,...","countryName":"Malta","fcodeName":"first-order administrative division","adminName1":"Il-Mosta","lat":"35.9125","fcode":"ADM1"},{"adminCode1":"36","lng":"14.22556","geonameId":8299735,"toponymName":"Il-Munxar","countryId":"2562770","fcl":"A","population":1446,"countryCode":"MT","name":"Il-Munxar","fclName":"country, state, region,...","countryName":"Malta","fcodeName":"first-order administrative division","adminName1":"Il-Munxar","lat":"36.02917","fcode":"ADM1"},{"adminCode1":"42","lng":"14.31667","geonameId":8299741,"toponymName":"Il-Qala","countryId":"2562770","fcl":"A","population":2294,"countryCode":"MT","name":"Il-Qala","fclName":"country, state, region,...","countryName":"Malta","fcodeName":"first-order administrative division","adminName1":"Il-Qala","lat":"36.0375","fcode":"ADM1"},{"adminCode1":"44","lng":"14.45139","geonameId":8299743,"toponymName":"Il-Qrendi","countryId":"2562770","fcl":"A","population":2725,"countryCode":"MT","name":"Il-Qrendi","fclName":"country, state, region,...","countryName":"Malta","fcodeName":"first-order administrative division","adminName1":"Il-Qrendi","lat":"35.83194","fcode":"ADM1"},{"adminCode1":"18","lng":"14.48833","geonameId":8299717,"toponymName":"Il-Ħamrun","countryId":"2562770","fcl":"A","population":9315,"countryCode":"MT","name":"Il-Ħamrun","fclName":"country, state, region,...","countryName":"Malta","fcodeName":"first-order administrative division","adminName1":"Il-Ħamrun","lat":"35.88694","fcode":"ADM1"},{"adminCode1":"37","lng":"14.29444","geonameId":8299736,"toponymName":"In-Nadur","countryId":"2562770","fcl":"A","population":4520,"countryCode":"MT","name":"In-Nadur","fclName":"country, state, region,...","countryName":"Malta","fcodeName":"first-order administrative division","adminName1":"In-Nadur","lat":"36.04861","fcode":"ADM1"},{"adminCode1":"38","lng":"14.4375","geonameId":8299737,"toponymName":"In-Naxxar","countryId":"2562770","fcl":"A","population":13319,"countryCode":"MT","name":"In-Naxxar","fclName":"country, state, region,...","countryName":"Malta","fcodeName":"first-order administrative division","adminName1":"In-Naxxar","lat":"35.93333","fcode":"ADM1"},{"adminCode1":"45","lng":"14.39775","geonameId":8299744,"toponymName":"Ir-Rabat","countryId":"2562770","fcl":"A","population":7064,"countryCode":"MT","name":"Ir-Rabat","fclName":"country, state, region,...","countryName":"Malta","fcodeName":"first-order administrative division","adminName1":"Ir-Rabat","lat":"35.88258","fcode":"ADM1"},{"adminCode1":"55","lng":"14.42639","geonameId":8299754,"toponymName":"Is-Siġġiewi","countryId":"2562770","fcl":"A","population":8274,"countryCode":"MT","name":"Is-Siġġiewi","fclName":"country, state, region,...","countryName":"Malta","fcodeName":"first-order administrative division","adminName1":"Is-Siġġiewi","lat":"35.84861","fcode":"ADM1"},{"adminCode1":"57","lng":"14.46944","geonameId":8299756,"toponymName":"Is-Swieqi","countryId":"2562770","fcl":"A","population":10113,"countryCode":"MT","name":"Is-Swieqi","fclName":"country, state, region,...","countryName":"Malta","fcodeName":"first-order administrative division","adminName1":"Is-Swieqi","lat":"35.92167","fcode":"ADM1"},{"adminCode1":"61","lng":"14.26667","geonameId":8299759,"toponymName":"Ix-Xagħra","countryId":"2562770","fcl":"A","population":4876,"countryCode":"MT","name":"Ix-Xagħra","fclName":"country, state, region,...","countryName":"Malta","fcodeName":"first-order administrative division","adminName1":"Ix-Xagħra","lat":"36.05417","fcode":"ADM1"},{"adminCode1":"62","lng":"14.26111","geonameId":8299760,"toponymName":"Ix-Xewkija","countryId":"2562770","fcl":"A","population":3305,"countryCode":"MT","name":"Ix-Xewkija","fclName":"country, state, region,...","countryName":"Malta","fcodeName":"first-order administrative division","adminName1":"Ix-Xewkija","lat":"36.03333","fcode":"ADM1"},{"adminCode1":"63","lng":"14.54861","geonameId":8299761,"toponymName":"Ix-Xgħajra","countryId":"2562770","fcl":"A","population":1688,"countryCode":"MT","name":"Ix-Xgħajra","fclName":"country, state, region,...","countryName":"Malta","fcodeName":"first-order administrative division","adminName1":"Ix-Xgħajra","lat":"35.88472","fcode":"ADM1"},{"adminCode1":"66","lng":"14.24444","geonameId":8299764,"toponymName":"Iż-Żebbuġ","countryId":"2562770","fcl":"A","population":1770,"countryCode":"MT","name":"Iż-Żebbuġ","fclName":"country, state, region,...","countryName":"Malta","fcodeName":"first-order administrative division","adminName1":"Iż-Żebbuġ","lat":"36.06667","fcode":"ADM1"},{"adminCode1":"67","lng":"14.53333","geonameId":8299765,"toponymName":"Iż-Żejtun","countryId":"2562770","fcl":"A","population":11521,"countryCode":"MT","name":"Iż-Żejtun","fclName":"country, state, region,...","countryName":"Malta","fcodeName":"first-order administrative division","adminName1":"Iż-Żejtun","lat":"35.85778","fcode":"ADM1"},{"adminCode1":"68","lng":"14.48333","geonameId":8299766,"toponymName":"Iż-Żurrieq","countryId":"2562770","fcl":"A","population":11193,"countryCode":"MT","name":"Iż-Żurrieq","fclName":"country, state, region,...","countryName":"Malta","fcodeName":"first-order administrative division","adminName1":"Iż-Żurrieq","lat":"35.82222","fcode":"ADM1"},{"adminCode1":"28","lng":"14.48417","geonameId":8299727,"toponymName":"Kirkop","countryId":"2562770","fcl":"A","population":2173,"countryCode":"MT","name":"Kirkop","fclName":"country, state, region,...","countryName":"Malta","fcodeName":"first-order administrative division","adminName1":"Kirkop","lat":"35.84417","fcode":"ADM1"},{"adminCode1":"12","lng":"14.20139","geonameId":8299711,"toponymName":"L-Għarb","countryId":"2562770","fcl":"A","population":1533,"countryCode":"MT","name":"L-Għarb","fclName":"country, state, region,...","countryName":"Malta","fcodeName":"first-order administrative division","adminName1":"L-Għarb","lat":"36.06806","fcode":"ADM1"},{"adminCode1":"14","lng":"14.22167","geonameId":8299713,"toponymName":"L-Għasri","countryId":"2562770","fcl":"A","population":515,"countryCode":"MT","name":"L-Għasri","fclName":"country, state, region,...","countryName":"Malta","fcodeName":"first-order administrative division","adminName1":"L-Għasri","lat":"36.06528","fcode":"ADM1"},{"adminCode1":"19","lng":"14.45556","geonameId":8299718,"toponymName":"L-Iklin","countryId":"2562770","fcl":"A","population":3198,"countryCode":"MT","name":"L-Iklin","fclName":"country, state, region,...","countryName":"Malta","fcodeName":"first-order administrative division","adminName1":"L-Iklin","lat":"35.90972","fcode":"ADM1"},{"adminCode1":"20","lng":"14.40528","geonameId":8299719,"toponymName":"L-Imdina","countryId":"2562770","fcl":"A","population":294,"countryCode":"MT","name":"L-Imdina","fclName":"country, state, region,...","countryName":"Malta","fcodeName":"first-order administrative division","adminName1":"L-Imdina","lat":"35.88722","fcode":"ADM1"},{"adminCode1":"22","lng":"14.4675","geonameId":8299721,"toponymName":"L-Imqabba","countryId":"2562770","fcl":"A","population":3295,"countryCode":"MT","name":"L-Imqabba","fclName":"country, state, region,...","countryName":"Malta","fcodeName":"first-order administrative division","adminName1":"L-Imqabba","lat":"35.845","fcode":"ADM1"},{"adminCode1":"23","lng":"14.48389","geonameId":8299722,"toponymName":"L-Imsida","countryId":"2562770","fcl":"A","population":8770,"countryCode":"MT","name":"L-Imsida","fclName":"country, state, region,...","countryName":"Malta","fcodeName":"first-order administrative division","adminName1":"L-Imsida","lat":"35.89861","fcode":"ADM1"},{"adminCode1":"24","lng":"14.39722","geonameId":8299723,"toponymName":"L-Imtarfa","countryId":"2562770","fcl":"A","population":2569,"countryCode":"MT","name":"L-Imtarfa","fclName":"country, state, region,...","countryName":"Malta","fcodeName":"first-order administrative division","adminName1":"L-Imtarfa","lat":"35.89056","fcode":"ADM1"},{"adminCode1":"21","lng":"14.36389","geonameId":8299720,"toponymName":"L-Imġarr","countryId":"2562770","fcl":"A","population":3569,"countryCode":"MT","name":"L-Imġarr","fclName":"country, state, region,...","countryName":"Malta","fcodeName":"first-order administrative division","adminName1":"L-Imġarr","lat":"35.91944","fcode":"ADM1"},{"adminCode1":"25","lng":"14.51694","geonameId":8299724,"toponymName":"L-Isla","countryId":"2562770","fcl":"A","population":2821,"countryCode":"MT","name":"L-Isla","fclName":"country, state, region,...","countryName":"Malta","fcodeName":"first-order administrative division","adminName1":"L-Isla","lat":"35.88778","fcode":"ADM1"},{"adminCode1":"29","lng":"14.44222","geonameId":8299728,"toponymName":"Lija","countryId":"2562770","fcl":"A","population":3048,"countryCode":"MT","name":"Lija","fclName":"country, state, region,...","countryName":"Malta","fcodeName":"first-order administrative division","adminName1":"Lija","lat":"35.90139","fcode":"ADM1"},{"adminCode1":"30","lng":"14.48333","geonameId":8299729,"toponymName":"Luqa","countryId":"2562770","fcl":"A","population":6076,"countryCode":"MT","name":"Luqa","fclName":"country, state, region,...","countryName":"Malta","fcodeName":"first-order administrative division","adminName1":"Luqa","lat":"35.85972","fcode":"ADM1"},{"adminCode1":"32","lng":"14.55917","geonameId":8299731,"toponymName":"Marsaskala","countryId":"2562770","fcl":"A","population":11892,"countryCode":"MT","name":"Marsaskala","fclName":"country, state, region,...","countryName":"Malta","fcodeName":"first-order administrative division","adminName1":"Marsaskala","lat":"35.86056","fcode":"ADM1"},{"adminCode1":"33","lng":"14.55139","geonameId":8299732,"toponymName":"Marsaxlokk","countryId":"2562770","fcl":"A","population":3499,"countryCode":"MT","name":"Marsaxlokk","fclName":"country, state, region,...","countryName":"Malta","fcodeName":"first-order administrative division","adminName1":"Marsaxlokk","lat":"35.84167","fcode":"ADM1"},{"adminCode1":"39","lng":"14.50611","geonameId":8299738,"toponymName":"Paola","countryId":"2562770","fcl":"A","population":7910,"countryCode":"MT","name":"Paola","fclName":"country, state, region,...","countryName":"Malta","fcodeName":"first-order administrative division","adminName1":"Paola","lat":"35.87361","fcode":"ADM1"},{"adminCode1":"40","lng":"14.47639","geonameId":8299739,"toponymName":"Pembroke","countryId":"2562770","fcl":"A","population":3627,"countryCode":"MT","name":"Pembroke","fclName":"country, state, region,...","countryName":"Malta","fcodeName":"first-order administrative division","adminName1":"Pembroke","lat":"35.93056","fcode":"ADM1"},{"adminCode1":"43","lng":"14.46667","geonameId":8299742,"toponymName":"Qormi","countryId":"2562770","fcl":"A","population":16849,"countryCode":"MT","name":"Qormi","fclName":"country, state, region,...","countryName":"Malta","fcodeName":"first-order administrative division","adminName1":"Qormi","lat":"35.87917","fcode":"ADM1"},{"adminCode1":"47","lng":"14.49167","geonameId":8299746,"toponymName":"Safi","countryId":"2562770","fcl":"A","population":2128,"countryCode":"MT","name":"Safi","fclName":"country, state, region,...","countryName":"Malta","fcodeName":"first-order administrative division","adminName1":"Safi","lat":"35.83472","fcode":"ADM1"},{"adminCode1":"48","lng":"14.475","geonameId":8299747,"toponymName":"Saint John","countryId":"2562770","fcl":"A","population":12649,"countryCode":"MT","name":"Saint John","fclName":"country, state, region,...","countryName":"Malta","fcodeName":"first-order administrative division","adminName1":"Saint John","lat":"35.90889","fcode":"ADM1"},{"adminCode1":"49","lng":"14.48944","geonameId":8299748,"toponymName":"Saint Julian's","countryId":"2562770","fcl":"A","population":7752,"countryCode":"MT","name":"Saint Julian","fclName":"country, state, region,...","countryName":"Malta","fcodeName":"first-order administrative division","adminName1":"Saint Julian","lat":"35.91722","fcode":"ADM1"},{"adminCode1":"50","lng":"14.19778","geonameId":8299749,"toponymName":"Saint Lawrence","countryId":"2562770","fcl":"A","population":760,"countryCode":"MT","name":"Saint Lawrence","fclName":"country, state, region,...","countryName":"Malta","fcodeName":"first-order administrative division","adminName1":"Saint Lawrence","lat":"36.04861","fcode":"ADM1"},{"adminCode1":"51","lng":"14.50639","geonameId":8299750,"toponymName":"Saint Lucia","countryId":"2562770","fcl":"A","population":3034,"countryCode":"MT","name":"Saint Lucia","fclName":"country, state, region,...","countryName":"Malta","fcodeName":"first-order administrative division","adminName1":"Saint Lucia","lat":"35.86167","fcode":"ADM1"},{"adminCode1":"52","lng":"14.39861","geonameId":8299751,"toponymName":"Saint Paul’s Bay","countryId":"2562770","fcl":"A","population":14057,"countryCode":"MT","name":"Saint Paul’s Bay","fclName":"country, state, region,...","countryName":"Malta","fcodeName":"first-order administrative division","adminName1":"Saint Paul’s Bay","lat":"35.9375","fcode":"ADM1"},{"adminCode1":"53","lng":"14.47778","geonameId":8299752,"toponymName":"Saint Venera","countryId":"2562770","fcl":"A","population":6941,"countryCode":"MT","name":"Saint Venera","fclName":"country, state, region,...","countryName":"Malta","fcodeName":"first-order administrative division","adminName1":"Saint Venera","lat":"35.89028","fcode":"ADM1"},{"adminCode1":"54","lng":"14.25139","geonameId":8299753,"toponymName":"Sannat","countryId":"2562770","fcl":"A","population":2117,"countryCode":"MT","name":"Sannat","fclName":"country, state, region,...","countryName":"Malta","fcodeName":"first-order administrative division","adminName1":"Sannat","lat":"36.02306","fcode":"ADM1"},{"adminCode1":"41","lng":"14.49389","geonameId":8299740,"toponymName":"Tal-Pietà","countryId":"2562770","fcl":"A","population":4053,"countryCode":"MT","name":"Tal-Pietà","fclName":"country, state, region,...","countryName":"Malta","fcodeName":"first-order administrative division","adminName1":"Tal-Pietà","lat":"35.8925","fcode":"ADM1"},{"adminCode1":"58","lng":"14.51306","geonameId":8299757,"toponymName":"Tarxien","countryId":"2562770","fcl":"A","population":8605,"countryCode":"MT","name":"Tarxien","fclName":"country, state, region,...","countryName":"Malta","fcodeName":"first-order administrative division","adminName1":"Tarxien","lat":"35.86667","fcode":"ADM1"},{"adminCode1":"56","lng":"14.50222","geonameId":8299755,"toponymName":"Tas-Sliema","countryId":"2562770","fcl":"A","population":17104,"countryCode":"MT","name":"Tas-Sliema","fclName":"country, state, region,...","countryName":"Malta","fcodeName":"first-order administrative division","adminName1":"Tas-Sliema","lat":"35.9125","fcode":"ADM1"},{"adminCode1":"27","lng":"14.21611","geonameId":8299726,"toponymName":"Ta’ Kerċem","countryId":"2562770","fcl":"A","population":1921,"countryCode":"MT","name":"Ta’ Kerċem","fclName":"country, state, region,...","countryName":"Malta","fcodeName":"first-order administrative division","adminName1":"Ta’ Kerċem","lat":"36.04389","fcode":"ADM1"},{"adminCode1":"59","lng":"14.49611","geonameId":8299758,"toponymName":"Ta’ Xbiex","countryId":"2562770","fcl":"A","population":1835,"countryCode":"MT","name":"Ta’ Xbiex","fclName":"country, state, region,...","countryName":"Malta","fcodeName":"first-order administrative division","adminName1":"Ta’ Xbiex","lat":"35.89944","fcode":"ADM1"},{"adminCode1":"46","lng":"14.24167","geonameId":8299745,"toponymName":"Victoria","countryId":"2562770","fcl":"A","population":6911,"countryCode":"MT","name":"Victoria","fclName":"country, state, region,...","countryName":"Malta","fcodeName":"first-order administrative division","adminName1":"Victoria","lat":"36.04528","fcode":"ADM1"},{"adminCode1":"13","lng":"14.455","geonameId":8299712,"toponymName":"Ħal Għargħur","countryId":"2562770","fcl":"A","population":2693,"countryCode":"MT","name":"Ħal Għargħur","fclName":"country, state, region,...","countryName":"Malta","fcodeName":"first-order administrative division","adminName1":"Ħal Għargħur","lat":"35.92361","fcode":"ADM1"},{"adminCode1":"15","lng":"14.51667","geonameId":8299714,"toponymName":"Ħal Għaxaq","countryId":"2562770","fcl":"A","population":4670,"countryCode":"MT","name":"Ħal Għaxaq","fclName":"country, state, region,...","countryName":"Malta","fcodeName":"first-order administrative division","adminName1":"Ħal Għaxaq","lat":"35.84583","fcode":"ADM1"},{"adminCode1":"64","lng":"14.54167","geonameId":8299762,"toponymName":"Ħaż-Żabbar","countryId":"2562770","fcl":"A","population":15314,"countryCode":"MT","name":"Ħaż-Żabbar","fclName":"country, state, region,...","countryName":"Malta","fcodeName":"first-order administrative division","adminName1":"Ħaż-Żabbar","lat":"35.875","fcode":"ADM1"},{"adminCode1":"65","lng":"14.43611","geonameId":8299763,"toponymName":"Ħaż-Żebbuġ","countryId":"2562770","fcl":"A","population":11830,"countryCode":"MT","name":"Ħaż-Żebbuġ","fclName":"country, state, region,...","countryName":"Malta","fcodeName":"first-order administrative division","adminName1":"Ħaż-Żebbuġ","lat":"35.87361","fcode":"ADM1"}]}