{"country_data":{"ISO":"TZ","ISO3":"TZA","ISO_Numeric":"834","fips":"TZ","country":"Tanzania","capital":"Dodoma","area":"945087","Population":"41892895","Continent":"AF","tld":".tz","CurrencyCode":"TZS","CurrencyName":"Shilling","Phone":"255","Postal_Code_Format":"","Postal_Code_Regex":"","Languages":"sw-TZ,en,ar","geonameid":"149590","neighbours":"MZ,KE,CD,RW,ZM,BI,UG,MW","EquivalentFipsCode":""},"regions":[{"adminCode1":"26","lng":"36","geonameId":161322,"toponymName":"Arusha Region","countryId":"149590","fcl":"A","population":1694310,"numberOfChildren":9,"countryCode":"TZ","name":"Arusha","fclName":"country, state, region,...","countryName":"Tanzania","fcodeName":"first-order administrative division","adminName1":"Arusha","lat":"-3","fcode":"ADM1"},{"adminCode1":"23","lng":"39.19597","geonameId":160260,"toponymName":"Dar es Salaam Region","countryId":"149590","fcl":"A","population":2791063,"numberOfChildren":3,"countryCode":"TZ","name":"Dar es Salaam Region","fclName":"country, state, region,...","countryName":"Tanzania","fcodeName":"first-order administrative division","adminName1":"Dar es Salaam","lat":"-6.83523","fcode":"ADM1"},{"adminCode1":"03","lng":"35.91667","geonameId":160192,"toponymName":"Dodoma Region","countryId":"149590","fcl":"A","population":2083588,"numberOfChildren":8,"countryCode":"TZ","name":"Dodoma","fclName":"country, state, region,...","countryName":"Tanzania","fcodeName":"first-order administrative division","adminName1":"Dodoma","lat":"-5.91667","fcode":"ADM1"},{"adminCode1":"28","lng":"31.9","geonameId":8469239,"toponymName":"Geita Region","countryId":"149590","fcl":"A","population":1739530,"numberOfChildren":3,"countryCode":"TZ","name":"Geita","fclName":"country, state, region,...","countryName":"Tanzania","fcodeName":"first-order administrative division","adminName1":"Geita","lat":"-3.2","fcode":"ADM1"},{"adminCode1":"04","lng":"35.55","geonameId":159067,"toponymName":"Iringa Region","countryId":"149590","fcl":"A","population":941238,"numberOfChildren":8,"countryCode":"TZ","name":"Iringa","fclName":"country, state, region,...","countryName":"Tanzania","fcodeName":"first-order administrative division","adminName1":"Iringa","lat":"-7.85","fcode":"ADM1"},{"adminCode1":"19","lng":"31.25","geonameId":148679,"toponymName":"Kagera Region","countryId":"149590","fcl":"A","population":2189850,"numberOfChildren":9,"countryCode":"TZ","name":"Kagera","fclName":"country, state, region,...","countryName":"Tanzania","fcodeName":"first-order administrative division","adminName1":"Kagera","lat":"-1.91667","fcode":"ADM1"},{"adminCode1":"29","lng":"31.33333","geonameId":8469240,"toponymName":"Katavi Region","countryId":"149590","fcl":"A","population":564604,"numberOfChildren":3,"countryCode":"TZ","name":"Katavi","fclName":"country, state, region,...","countryName":"Tanzania","fcodeName":"first-order administrative division","adminName1":"Katavi","lat":"-6.4","fcode":"ADM1"},{"adminCode1":"05","lng":"30.5","geonameId":157732,"toponymName":"Kigoma Region","countryId":"149590","fcl":"A","population":2127930,"numberOfChildren":10,"countryCode":"TZ","name":"Kigoma","fclName":"country, state, region,...","countryName":"Tanzania","fcodeName":"first-order administrative division","adminName1":"Kigoma","lat":"-4.75","fcode":"ADM1"},{"adminCode1":"06","lng":"37.63333","geonameId":157449,"toponymName":"Kilimanjaro Region","countryId":"149590","fcl":"A","population":1640087,"numberOfChildren":8,"countryCode":"TZ","name":"Kilimanjaro","fclName":"country, state, region,...","countryName":"Tanzania","fcodeName":"first-order administrative division","adminName1":"Kilimanjaro","lat":"-3.75","fcode":"ADM1"},{"adminCode1":"07","lng":"38.5","geonameId":155946,"toponymName":"Lindi Region","countryId":"149590","fcl":"A","population":864652,"numberOfChildren":7,"countryCode":"TZ","name":"Lindi","fclName":"country, state, region,...","countryName":"Tanzania","fcodeName":"first-order administrative division","adminName1":"Lindi","lat":"-9.5","fcode":"ADM1"},{"adminCode1":"27","lng":"36.83333","geonameId":435764,"toponymName":"Manyara Region","countryId":"149590","fcl":"A","population":1148070,"numberOfChildren":4,"countryCode":"TZ","name":"Manyara","fclName":"country, state, region,...","countryName":"Tanzania","fcodeName":"first-order administrative division","adminName1":"Manyara","lat":"-4.5","fcode":"ADM1"},{"adminCode1":"08","lng":"34.41667","geonameId":154775,"toponymName":"Mara Region","countryId":"149590","fcl":"A","population":1743830,"numberOfChildren":8,"countryCode":"TZ","name":"Mara","fclName":"country, state, region,...","countryName":"Tanzania","fcodeName":"first-order administrative division","adminName1":"Mara","lat":"-1.83333","fcode":"ADM1"},{"adminCode1":"09","lng":"33.33333","geonameId":154375,"toponymName":"Mbeya Region","countryId":"149590","fcl":"A","population":2707410,"numberOfChildren":10,"countryCode":"TZ","name":"Mbeya","fclName":"country, state, region,...","countryName":"Tanzania","fcodeName":"first-order administrative division","adminName1":"Mbeya","lat":"-8.2","fcode":"ADM1"},{"adminCode1":"10","lng":"37.25","geonameId":153214,"toponymName":"Morogoro Region","countryId":"149590","fcl":"A","population":2218492,"numberOfChildren":7,"countryCode":"TZ","name":"Morogoro","fclName":"country, state, region,...","countryName":"Tanzania","fcodeName":"first-order administrative division","adminName1":"Morogoro","lat":"-7.91667","fcode":"ADM1"},{"adminCode1":"11","lng":"39.13333","geonameId":877744,"toponymName":"Mtwara Region","countryId":"149590","fcl":"A","population":1270854,"numberOfChildren":6,"countryCode":"TZ","name":"Mtwara","fclName":"country, state, region,...","countryName":"Tanzania","fcodeName":"first-order administrative division","adminName1":"Mtwara","lat":"-10.8","fcode":"ADM1"},{"adminCode1":"12","lng":"33.08333","geonameId":152219,"toponymName":"Mwanza Region","countryId":"149590","fcl":"A","population":2772509,"numberOfChildren":8,"countryCode":"TZ","name":"Mwanza","fclName":"country, state, region,...","countryName":"Tanzania","fcodeName":"first-order administrative division","adminName1":"Mwanza","lat":"-2.75","fcode":"ADM1"},{"adminCode1":"30","lng":"34.75","geonameId":8469241,"toponymName":"Njombe Region","countryId":"149590","fcl":"A","population":702097,"numberOfChildren":6,"countryCode":"TZ","name":"Njombe","fclName":"country, state, region,...","countryName":"Tanzania","fcodeName":"first-order administrative division","adminName1":"Njombe","lat":"-9.41667","fcode":"ADM1"},{"adminCode1":"13","lng":"39.76667","geonameId":150733,"toponymName":"Pemba North Region","countryId":"149590","fcl":"A","population":211732,"numberOfChildren":2,"countryCode":"TZ","name":"Pemba North","fclName":"country, state, region,...","countryName":"Tanzania","fcodeName":"first-order administrative division","adminName1":"Pemba North","lat":"-5.05","fcode":"ADM1"},{"adminCode1":"20","lng":"39.75","geonameId":150732,"toponymName":"Pemba South Region","countryId":"149590","fcl":"A","population":195116,"numberOfChildren":3,"countryCode":"TZ","name":"Pemba South","fclName":"country, state, region,...","countryName":"Tanzania","fcodeName":"first-order administrative division","adminName1":"Pemba South","lat":"-5.33333","fcode":"ADM1"},{"adminCode1":"02","lng":"38.83333","geonameId":150602,"toponymName":"Coast Region","countryId":"149590","fcl":"A","population":1098668,"numberOfChildren":7,"countryCode":"TZ","name":"Pwani","fclName":"country, state, region,...","countryName":"Tanzania","fcodeName":"first-order administrative division","adminName1":"Pwani","lat":"-7.25","fcode":"ADM1"},{"adminCode1":"24","lng":"31.41667","geonameId":150442,"toponymName":"Rukwa Region","countryId":"149590","fcl":"A","population":1004539,"numberOfChildren":4,"countryCode":"TZ","name":"Rukwa","fclName":"country, state, region,...","countryName":"Tanzania","fcodeName":"first-order administrative division","adminName1":"Rukwa","lat":"-8","fcode":"ADM1"},{"adminCode1":"14","lng":"36.23333","geonameId":877416,"toponymName":"Ruvuma Region","countryId":"149590","fcl":"A","population":1190348,"numberOfChildren":6,"countryCode":"TZ","name":"Ruvuma","fclName":"country, state, region,...","countryName":"Tanzania","fcodeName":"first-order administrative division","adminName1":"Ruvuma","lat":"-10.7","fcode":"ADM1"},{"adminCode1":"15","lng":"32.91667","geonameId":150004,"toponymName":"Shinyanga Region","countryId":"149590","fcl":"A","population":1534808,"numberOfChildren":8,"countryCode":"TZ","name":"Shinyanga","fclName":"country, state, region,...","countryName":"Tanzania","fcodeName":"first-order administrative division","adminName1":"Shinyanga","lat":"-3.66667","fcode":"ADM1"},{"adminCode1":"31","lng":"34.25","geonameId":8469238,"toponymName":"Simiyu Region","countryId":"149590","fcl":"A","population":1584157,"numberOfChildren":3,"countryCode":"TZ","name":"Simiyu","fclName":"country, state, region,...","countryName":"Tanzania","fcodeName":"first-order administrative division","adminName1":"Simiyu","lat":"-3","fcode":"ADM1"},{"adminCode1":"16","lng":"34.66667","geonameId":149876,"toponymName":"Singida Region","countryId":"149590","fcl":"A","population":1370637,"numberOfChildren":7,"countryCode":"TZ","name":"Singida","fclName":"country, state, region,...","countryName":"Tanzania","fcodeName":"first-order administrative division","adminName1":"Singida","lat":"-5.75","fcode":"ADM1"},{"adminCode1":"17","lng":"32.83333","geonameId":149653,"toponymName":"Tabora Region","countryId":"149590","fcl":"A","population":2291623,"numberOfChildren":7,"countryCode":"TZ","name":"Tabora","fclName":"country, state, region,...","countryName":"Tanzania","fcodeName":"first-order administrative division","adminName1":"Tabora","lat":"-5.25","fcode":"ADM1"},{"adminCode1":"18","lng":"38.28333","geonameId":149595,"toponymName":"Tanga Region","countryId":"149590","fcl":"A","population":2045205,"numberOfChildren":10,"countryCode":"TZ","name":"Tanga","fclName":"country, state, region,...","countryName":"Tanzania","fcodeName":"first-order administrative division","adminName1":"Tanga","lat":"-5.2","fcode":"ADM1"},{"adminCode1":"21","lng":"39.41667","geonameId":148728,"toponymName":"Zanzibar Central/South Region","countryId":"149590","fcl":"A","population":115588,"numberOfChildren":2,"countryCode":"TZ","name":"Zanzibar Central/South","fclName":"country, state, region,...","countryName":"Tanzania","fcodeName":"first-order administrative division","adminName1":"Zanzibar Central/South","lat":"-6.25","fcode":"ADM1"},{"adminCode1":"22","lng":"39.28333","geonameId":148725,"toponymName":"Zanzibar North Region","countryId":"149590","fcl":"A","population":187455,"numberOfChildren":2,"countryCode":"TZ","name":"Zanzibar North","fclName":"country, state, region,...","countryName":"Tanzania","fcodeName":"first-order administrative division","adminName1":"Zanzibar North","lat":"-5.91667","fcode":"ADM1"},{"adminCode1":"25","lng":"39.25","geonameId":148724,"toponymName":"Zanzibar Urban/West Region","countryId":"149590","fcl":"A","population":593678,"numberOfChildren":2,"countryCode":"TZ","name":"Zanzibar Urban/West","fclName":"country, state, region,...","countryName":"Tanzania","fcodeName":"first-order administrative division","adminName1":"Zanzibar Urban/West","lat":"-6.16667","fcode":"ADM1"}]}