{"country_data":{"ISO":"TK","ISO3":"TKL","ISO_Numeric":"772","fips":"TL","country":"Tokelau","capital":"","area":"10","Population":"1466","Continent":"OC","tld":".tk","CurrencyCode":"NZD","CurrencyName":"Dollar","Phone":"690","Postal_Code_Format":"","Postal_Code_Regex":"","Languages":"tkl,en-TK","geonameid":"4031074","neighbours":"","EquivalentFipsCode":""},"regions":[{"adminCode1":"A","lng":"-172.497","geonameId":4031116,"toponymName":"Atafu","countryId":"4031074","fcl":"A","population":524,"countryCode":"TK","name":"Atafu","fclName":"country, state, region,...","countryName":"Tokelau","fcodeName":"first-order administrative division","adminName1":"Atafu","lat":"-8.558","fcode":"ADM1"},{"adminCode1":"F","lng":"-171.233","geonameId":4031112,"toponymName":"Fakaofo","countryId":"4031074","fcl":"A","population":483,"countryCode":"TK","name":"Fakaofo","fclName":"country, state, region,...","countryName":"Tokelau","fcodeName":"first-order administrative division","adminName1":"Fakaofo","lat":"-9.376","fcode":"ADM1"},{"adminCode1":"N","lng":"-171.83","geonameId":4031091,"toponymName":"Nukunonu","countryId":"4031074","fcl":"A","population":426,"countryCode":"TK","name":"Nukunonu","fclName":"country, state, region,...","countryName":"Tokelau","fcodeName":"first-order administrative division","adminName1":"Nukunonu","lat":"-9.169","fcode":"ADM1"}]}